key,value,date
MG,0,2020-02-25
SP,nan,2020-02-25
AM,0,2020-02-25
CE,0,2020-02-25
PR,0,2020-02-25
MA,0,2020-02-25
MG,0,2020-02-26
SP,nan,2020-02-26
AM,0,2020-02-26
CE,0,2020-02-26
PR,0,2020-02-26
MA,0,2020-02-26
MG,0,2020-02-27
SP,nan,2020-02-27
AM,0,2020-02-27
CE,0,2020-02-27
PR,0,2020-02-27
MA,0,2020-02-27
MG,0,2020-02-28
SP,nan,2020-02-28
AM,0,2020-02-28
CE,0,2020-02-28
PR,0,2020-02-28
MA,0,2020-02-28
MG,0,2020-02-29
SP,nan,2020-02-29
AM,0,2020-02-29
CE,0,2020-02-29
PR,0,2020-02-29
MA,0,2020-02-29
MG,0,2020-03-01
SP,nan,2020-03-01
AM,0,2020-03-01
CE,0,2020-03-01
PR,0,2020-03-01
MA,0,2020-03-01
MG,0,2020-03-02
SP,0.0,2020-03-02
AM,0,2020-03-02
CE,0,2020-03-02
PR,0,2020-03-02
MA,0,2020-03-02
MG,0,2020-03-03
SP,0.0,2020-03-03
AM,0,2020-03-03
CE,0,2020-03-03
PR,0,2020-03-03
MA,0,2020-03-03
MG,0,2020-03-04
SP,0.0,2020-03-04
AM,0,2020-03-04
CE,0,2020-03-04
PR,0,2020-03-04
MA,0,2020-03-04
MG,0,2020-03-05
SP,0.0,2020-03-05
AM,0,2020-03-05
CE,0,2020-03-05
PR,0,2020-03-05
MA,0,2020-03-05
MG,0,2020-03-06
SP,0.0,2020-03-06
AM,0,2020-03-06
CE,0,2020-03-06
PR,0,2020-03-06
MA,0,2020-03-06
MG,0,2020-03-07
SP,0.0,2020-03-07
AM,0,2020-03-07
CE,0,2020-03-07
PR,0,2020-03-07
MA,0,2020-03-07
MG,nan,2020-03-08
SP,0.0,2020-03-08
AM,0,2020-03-08
CE,0,2020-03-08
PR,0,2020-03-08
MA,0,2020-03-08
MG,nan,2020-03-09
SP,0.0,2020-03-09
AM,0,2020-03-09
CE,0,2020-03-09
PR,0,2020-03-09
MA,0,2020-03-09
MG,nan,2020-03-10
SP,0.0,2020-03-10
AM,0,2020-03-10
CE,0,2020-03-10
PR,0,2020-03-10
MA,0,2020-03-10
MG,nan,2020-03-11
SP,0.0,2020-03-11
AM,0,2020-03-11
CE,0,2020-03-11
PR,0,2020-03-11
MA,0,2020-03-11
MG,nan,2020-03-12
SP,0.0,2020-03-12
AM,0,2020-03-12
CE,0,2020-03-12
PR,nan,2020-03-12
MA,0,2020-03-12
MG,nan,2020-03-13
SP,0.0,2020-03-13
AM,nan,2020-03-13
CE,0,2020-03-13
PR,nan,2020-03-13
MA,0,2020-03-13
MG,0.0,2020-03-14
SP,0.0,2020-03-14
AM,nan,2020-03-14
CE,0,2020-03-14
PR,nan,2020-03-14
MA,0,2020-03-14
MG,0.0,2020-03-15
SP,0.0,2020-03-15
AM,nan,2020-03-15
CE,0,2020-03-15
PR,nan,2020-03-15
MA,0,2020-03-15
MG,0.0,2020-03-16
SP,0.0,2020-03-16
AM,nan,2020-03-16
CE,nan,2020-03-16
PR,nan,2020-03-16
MA,0,2020-03-16
MG,0.0,2020-03-17
SP,0.1429,2020-03-17
AM,nan,2020-03-17
CE,nan,2020-03-17
PR,nan,2020-03-17
MA,0,2020-03-17
MG,0.0,2020-03-18
SP,0.5714,2020-03-18
AM,nan,2020-03-18
CE,nan,2020-03-18
PR,0.0,2020-03-18
MA,0,2020-03-18
MG,0.0,2020-03-19
SP,0.7143,2020-03-19
AM,0.0,2020-03-19
CE,nan,2020-03-19
PR,0.0,2020-03-19
MA,0,2020-03-19
MG,0.0,2020-03-20
SP,1.2857,2020-03-20
AM,0.0,2020-03-20
CE,nan,2020-03-20
PR,0.0,2020-03-20
MA,nan,2020-03-20
MG,0.0,2020-03-21
SP,2.1429,2020-03-21
AM,0.0,2020-03-21
CE,nan,2020-03-21
PR,0.0,2020-03-21
MA,nan,2020-03-21
MG,0.0,2020-03-22
SP,3.1429,2020-03-22
AM,0.0,2020-03-22
CE,0.0,2020-03-22
PR,0.0,2020-03-22
MA,nan,2020-03-22
MG,0.0,2020-03-23
SP,4.2857,2020-03-23
AM,0.0,2020-03-23
CE,0.0,2020-03-23
PR,0.0,2020-03-23
MA,nan,2020-03-23
MG,0.0,2020-03-24
SP,5.5714,2020-03-24
AM,0.1429,2020-03-24
CE,0.0,2020-03-24
PR,0.0,2020-03-24
MA,nan,2020-03-24
MG,0.0,2020-03-25
SP,6.2857,2020-03-25
AM,0.1429,2020-03-25
CE,0.0,2020-03-25
PR,0.0,2020-03-25
MA,nan,2020-03-25
MG,0.0,2020-03-26
SP,7.5714,2020-03-26
AM,0.1429,2020-03-26
CE,0.4286,2020-03-26
PR,0.0,2020-03-26
MA,0.0,2020-03-26
MG,0.0,2020-03-27
SP,8.4286,2020-03-27
AM,0.1429,2020-03-27
CE,0.4286,2020-03-27
PR,0.2857,2020-03-27
MA,0.0,2020-03-27
MG,0.0,2020-03-28
SP,9.8571,2020-03-28
AM,0.1429,2020-03-28
CE,0.5714,2020-03-28
PR,0.2857,2020-03-28
MA,0.0,2020-03-28
MG,0.0,2020-03-29
SP,10.8571,2020-03-29
AM,0.1429,2020-03-29
CE,0.7143,2020-03-29
PR,0.2857,2020-03-29
MA,0.1429,2020-03-29
MG,0.1429,2020-03-30
SP,11.8571,2020-03-30
AM,0.2857,2020-03-30
CE,0.7143,2020-03-30
PR,0.4286,2020-03-30
MA,0.1429,2020-03-30
MG,0.2857,2020-03-31
SP,13.7143,2020-03-31
AM,0.2857,2020-03-31
CE,1.0,2020-03-31
PR,0.4286,2020-03-31
MA,0.1429,2020-03-31
MG,0.4286,2020-04-01
SP,16.5714,2020-04-01
AM,0.2857,2020-04-01
CE,1.2857,2020-04-01
PR,0.4286,2020-04-01
MA,0.1429,2020-04-01
MG,0.5714,2020-04-02
SP,18.5714,2020-04-02
AM,0.2857,2020-04-02
CE,2.5714,2020-04-02
PR,0.5714,2020-04-02
MA,0.1429,2020-04-02
MG,0.8571,2020-04-03
SP,21.5714,2020-04-03
AM,0.8571,2020-04-03
CE,2.7143,2020-04-03
PR,0.4286,2020-04-03
MA,0.1429,2020-04-03
MG,0.8571,2020-04-04
SP,25.1429,2020-04-04
AM,1.5714,2020-04-04
CE,2.7143,2020-04-04
PR,0.7143,2020-04-04
MA,0.2857,2020-04-04
MG,0.8571,2020-04-05
SP,25.2857,2020-04-05
AM,2.0,2020-04-05
CE,4.2857,2020-04-05
PR,1.1429,2020-04-05
MA,0.1429,2020-04-05
MG,1.1429,2020-04-06
SP,27.2857,2020-04-06
AM,2.4286,2020-04-06
CE,4.4286,2020-04-06
PR,1.5714,2020-04-06
MA,0.4286,2020-04-06
MG,1.2857,2020-04-07
SP,33.5714,2020-04-07
AM,2.8571,2020-04-07
CE,4.7143,2020-04-07
PR,1.7143,2020-04-07
MA,1.4286,2020-04-07
MG,1.5714,2020-04-08
SP,37.7143,2020-04-08
AM,3.8571,2020-04-08
CE,6.8571,2020-04-08
PR,2.0,2020-04-08
MA,1.5714,2020-04-08
MG,1.5714,2020-04-09
SP,44.0,2020-04-09
AM,5.2857,2020-04-09
CE,5.1429,2020-04-09
PR,2.8571,2020-04-09
MA,2.1429,2020-04-09
MG,1.5714,2020-04-10
SP,45.8571,2020-04-10
AM,6.1429,2020-04-10
CE,6.4286,2020-04-10
PR,3.0,2020-04-10
MA,2.8571,2020-04-10
MG,1.5714,2020-04-11
SP,42.8571,2020-04-11
AM,5.8571,2020-04-11
CE,7.2857,2020-04-11
PR,2.8571,2020-04-11
MA,3.1429,2020-04-11
MG,2.0,2020-04-12
SP,44.7143,2020-04-12
AM,6.7143,2020-04-12
CE,5.8571,2020-04-12
PR,3.0,2020-04-12
MA,3.5714,2020-04-12
MG,2.0,2020-04-13
SP,43.4286,2020-04-13
AM,7.4286,2020-04-13
CE,9.2857,2020-04-13
PR,2.7143,2020-04-13
MA,4.0,2020-04-13
MG,2.2857,2020-04-14
SP,46.2857,2020-04-14
AM,9.5714,2020-04-14
CE,10.1429,2020-04-14
PR,3.4286,2020-04-14
MA,3.2857,2020-04-14
MG,2.2857,2020-04-15
SP,50.0,2020-04-15
AM,10.8571,2020-04-15
CE,9.5714,2020-04-15
PR,3.4286,2020-04-15
MA,3.5714,2020-04-15
MG,2.5714,2020-04-16
SP,51.0,2020-04-16
AM,12.0,2020-04-16
CE,11.1429,2020-04-16
PR,2.7143,2020-04-16
MA,3.4286,2020-04-16
MG,2.5714,2020-04-17
SP,55.4286,2020-04-17
AM,13.5714,2020-04-17
CE,12.5714,2020-04-17
PR,2.5714,2020-04-17
MA,3.2857,2020-04-17
MG,3.1429,2020-04-18
SP,61.5714,2020-04-18
AM,15.4286,2020-04-18
CE,15.1429,2020-04-18
PR,3.1429,2020-04-18
MA,3.4286,2020-04-18
MG,2.7143,2020-04-19
SP,61.0,2020-04-19
AM,17.1429,2020-04-19
CE,16.1429,2020-04-19
PR,3.0,2020-04-19
MA,3.8571,2020-04-19
MG,2.5714,2020-04-20
SP,61.2857,2020-04-20
AM,16.2857,2020-04-20
CE,15.0,2020-04-20
PR,2.8571,2020-04-20
MA,4.0,2020-04-20
MG,2.4286,2020-04-21
SP,56.8571,2020-04-21
AM,14.7143,2020-04-21
CE,15.7143,2020-04-21
PR,2.2857,2020-04-21
MA,4.5714,2020-04-21
MG,2.4286,2020-04-22
SP,50.8571,2020-04-22
AM,14.4286,2020-04-22
CE,16.4286,2020-04-22
PR,2.7143,2020-04-22
MA,5.5714,2020-04-22
MG,2.5714,2020-04-23
SP,70.2857,2020-04-23
AM,15.7143,2020-04-23
CE,19.4286,2020-04-23
PR,2.7143,2020-04-23
MA,6.8571,2020-04-23
MG,2.7143,2020-04-24
SP,83.4286,2020-04-24
AM,15.7143,2020-04-24
CE,19.7143,2020-04-24
PR,3.2857,2020-04-24
MA,8.0,2020-04-24
MG,2.7143,2020-04-25
SP,96.5714,2020-04-25
AM,18.0,2020-04-25
CE,20.8571,2020-04-25
PR,3.1429,2020-04-25
MA,9.1429,2020-04-25
MG,3.1429,2020-04-26
SP,97.8571,2020-04-26
AM,17.4286,2020-04-26
CE,26.7143,2020-04-26
PR,3.2857,2020-04-26
MA,10.1429,2020-04-26
MG,3.0,2020-04-27
SP,112.5714,2020-04-27
AM,19.2857,2020-04-27
CE,27.2857,2020-04-27
PR,3.4286,2020-04-27
MA,12.1429,2020-04-27
MG,3.8571,2020-04-28
SP,136.5714,2020-04-28
AM,22.5714,2020-04-28
CE,28.0,2020-04-28
PR,3.4286,2020-04-28
MA,14.2857,2020-04-28
MG,4.7143,2020-04-29
SP,159.0,2020-04-29
AM,24.7143,2020-04-29
CE,30.1429,2020-04-29
PR,3.4286,2020-04-29
MA,15.4286,2020-04-29
MG,4.4286,2020-04-30
SP,147.1429,2020-04-30
AM,27.2857,2020-04-30
CE,31.5714,2020-04-30
PR,3.7143,2020-04-30
MA,16.5714,2020-04-30
MG,4.8571,2020-05-01
SP,142.7143,2020-05-01
AM,31.5714,2020-05-01
CE,35.1429,2020-05-01
PR,3.5714,2020-05-01
MA,17.7143,2020-05-01
MG,4.2857,2020-05-02
SP,131.2857,2020-05-02
AM,30.5714,2020-05-02
CE,44.5714,2020-05-02
PR,3.1429,2020-05-02
MA,17.8571,2020-05-02
MG,4.0,2020-05-03
SP,132.4286,2020-05-03
AM,34.8571,2020-05-03
CE,43.0,2020-05-03
PR,3.0,2020-05-03
MA,17.7143,2020-05-03
MG,4.0,2020-05-04
SP,118.4286,2020-05-04
AM,37.8571,2020-05-04
CE,45.0,2020-05-04
PR,2.8571,2020-05-04
MA,18.0,2020-05-04
MG,3.2857,2020-05-05
SP,114.5714,2020-05-05
AM,42.5714,2020-05-05
CE,54.0,2020-05-05
PR,3.2857,2020-05-05
MA,17.8571,2020-05-05
MG,2.4286,2020-05-06
SP,114.0,2020-05-06
AM,53.0,2020-05-06
CE,57.0,2020-05-06
PR,2.8571,2020-05-06
MA,17.2857,2020-05-06
MG,3.4286,2020-05-07
SP,118.7143,2020-05-07
AM,54.4286,2020-05-07
CE,58.7143,2020-05-07
PR,2.7143,2020-05-07
MA,18.0,2020-05-07
MG,3.2857,2020-05-08
SP,129.2857,2020-05-08
AM,56.8571,2020-05-08
CE,65.4286,2020-05-08
PR,2.4286,2020-05-08
MA,18.7143,2020-05-08
MG,4.2857,2020-05-09
SP,146.0,2020-05-09
AM,65.8571,2020-05-09
CE,60.5714,2020-05-09
PR,2.4286,2020-05-09
MA,20.2857,2020-05-09
MG,4.2857,2020-05-10
SP,154.5714,2020-05-10
AM,65.1429,2020-05-10
CE,62.4286,2020-05-10
PR,2.2857,2020-05-10
MA,21.4286,2020-05-10
MG,4.4286,2020-05-11
SP,155.5714,2020-05-11
AM,64.2857,2020-05-11
CE,68.1429,2020-05-11
PR,2.4286,2020-05-11
MA,21.7143,2020-05-11
MG,4.7143,2020-05-12
SP,156.8571,2020-05-12
AM,64.1429,2020-05-12
CE,69.2857,2020-05-12
PR,2.0,2020-05-12
MA,21.8571,2020-05-12
MG,5.4286,2020-05-13
SP,153.2857,2020-05-13
AM,58.4286,2020-05-13
CE,77.1429,2020-05-13
PR,2.2857,2020-05-13
MA,23.5714,2020-05-13
MG,4.7143,2020-05-14
SP,158.4286,2020-05-14
AM,61.2857,2020-05-14
CE,72.8571,2020-05-14
PR,2.1429,2020-05-14
MA,23.7143,2020-05-14
MG,5.0,2020-05-15
SP,155.0,2020-05-15
AM,65.2857,2020-05-15
CE,81.2857,2020-05-15
PR,2.1429,2020-05-15
MA,24.1429,2020-05-15
MG,4.5714,2020-05-16
SP,154.2857,2020-05-16
AM,59.0,2020-05-16
CE,78.8571,2020-05-16
PR,2.2857,2020-05-16
MA,24.2857,2020-05-16
MG,5.2857,2020-05-17
SP,153.2857,2020-05-17
AM,58.4286,2020-05-17
CE,75.2857,2020-05-17
PR,2.1429,2020-05-17
MA,25.2857,2020-05-17
MG,5.7143,2020-05-18
SP,154.2857,2020-05-18
AM,56.8571,2020-05-18
CE,79.8571,2020-05-18
PR,2.2857,2020-05-18
MA,25.8571,2020-05-18
MG,5.7143,2020-05-19
SP,171.1429,2020-05-19
AM,56.1429,2020-05-19
CE,82.2857,2020-05-19
PR,2.4286,2020-05-19
MA,27.1429,2020-05-19
MG,6.0,2020-05-20
SP,177.8571,2020-05-20
AM,57.2857,2020-05-20
CE,73.0,2020-05-20
PR,2.8571,2020-05-20
MA,27.5714,2020-05-20
MG,7.4286,2020-05-21
SP,177.5714,2020-05-21
AM,55.0,2020-05-21
CE,106.8571,2020-05-21
PR,3.1429,2020-05-21
MA,28.1429,2020-05-21
MG,7.8571,2020-05-22
SP,181.7143,2020-05-22
AM,48.2857,2020-05-22
CE,97.8571,2020-05-22
PR,3.5714,2020-05-22
MA,28.2857,2020-05-22
MG,9.5714,2020-05-23
SP,193.8571,2020-05-23
AM,52.7143,2020-05-23
CE,99.1429,2020-05-23
PR,3.8571,2020-05-23
MA,29.2857,2020-05-23
MG,10.0,2020-05-24
SP,197.2857,2020-05-24
AM,49.2857,2020-05-24
CE,97.5714,2020-05-24
PR,4.1429,2020-05-24
MA,29.7143,2020-05-24
MG,9.8571,2020-05-25
SP,199.5714,2020-05-25
AM,49.7143,2020-05-25
CE,106.4286,2020-05-25
PR,4.2857,2020-05-25
MA,30.4286,2020-05-25
MG,9.5714,2020-05-26
SP,182.2857,2020-05-26
AM,51.5714,2020-05-26
CE,106.7143,2020-05-26
PR,4.4286,2020-05-26
MA,31.2857,2020-05-26
MG,9.0,2020-05-27
SP,192.7143,2020-05-27
AM,47.1429,2020-05-27
CE,110.1429,2020-05-27
PR,3.8571,2020-05-27
MA,32.0,2020-05-27
MG,9.1429,2020-05-28
SP,203.1429,2020-05-28
AM,49.1429,2020-05-28
CE,81.7143,2020-05-28
PR,4.2857,2020-05-28
MA,31.1429,2020-05-28
MG,8.0,2020-05-29
SP,214.5714,2020-05-29
AM,48.8571,2020-05-29
CE,86.8571,2020-05-29
PR,4.1429,2020-05-29
MA,30.0,2020-05-29
MG,6.5714,2020-05-30
SP,212.4286,2020-05-30
AM,43.2857,2020-05-30
CE,92.5714,2020-05-30
PR,4.7143,2020-05-30
MA,28.7143,2020-05-30
MG,6.4286,2020-05-31
SP,207.4286,2020-05-31
AM,42.0,2020-05-31
CE,98.0,2020-05-31
PR,4.4286,2020-05-31
MA,27.4286,2020-05-31
MG,6.8571,2020-06-01
SP,206.7143,2020-06-01
AM,41.4286,2020-06-01
CE,99.2857,2020-06-01
PR,5.0,2020-06-01
MA,25.7143,2020-06-01
MG,7.8571,2020-06-02
SP,224.4286,2020-06-02
AM,35.7143,2020-06-02
CE,128.7143,2020-06-02
PR,5.7143,2020-06-02
MA,25.0,2020-06-02
MG,9.4286,2020-06-03
SP,223.4286,2020-06-03
AM,35.2857,2020-06-03
CE,133.4286,2020-06-03
PR,6.1429,2020-06-03
MA,25.0,2020-06-03
MG,9.7143,2020-06-04
SP,225.8571,2020-06-04
AM,31.2857,2020-06-04
CE,154.2857,2020-06-04
PR,6.5714,2020-06-04
MA,26.2857,2020-06-04
MG,12.4286,2020-06-05
SP,223.8571,2020-06-05
AM,26.8571,2020-06-05
CE,149.7143,2020-06-05
PR,7.8571,2020-06-05
MA,28.5714,2020-06-05
MG,15.0,2020-06-06
SP,218.0,2020-06-06
AM,26.4286,2020-06-06
CE,144.1429,2020-06-06
PR,7.5714,2020-06-06
MA,30.7143,2020-06-06
MG,15.0,2020-06-07
SP,218.5714,2020-06-07
AM,28.2857,2020-06-07
CE,138.8571,2020-06-07
PR,8.1429,2020-06-07
MA,33.1429,2020-06-07
MG,14.5714,2020-06-08
SP,217.2857,2020-06-08
AM,28.5714,2020-06-08
CE,143.4286,2020-06-08
PR,7.8571,2020-06-08
MA,35.7143,2020-06-08
MG,15.7143,2020-06-09
SP,218.2857,2020-06-09
AM,30.4286,2020-06-09
CE,122.1429,2020-06-09
PR,8.0,2020-06-09
MA,36.7143,2020-06-09
MG,14.7143,2020-06-10
SP,226.5714,2020-06-10
AM,32.1429,2020-06-10
CE,130.5714,2020-06-10
PR,10.2857,2020-06-10
MA,37.1429,2020-06-10
MG,15.4286,2020-06-11
SP,226.2857,2020-06-11
AM,31.0,2020-06-11
CE,127.8571,2020-06-11
PR,9.7143,2020-06-11
MA,37.8571,2020-06-11
MG,14.5714,2020-06-12
SP,218.0,2020-06-12
AM,32.8571,2020-06-12
CE,129.2857,2020-06-12
PR,9.8571,2020-06-12
MA,38.1429,2020-06-12
MG,12.2857,2020-06-13
SP,217.5714,2020-06-13
AM,33.2857,2020-06-13
CE,123.4286,2020-06-13
PR,11.5714,2020-06-13
MA,38.0,2020-06-13
MG,14.1429,2020-06-14
SP,221.2857,2020-06-14
AM,34.5714,2020-06-14
CE,129.0,2020-06-14
PR,12.8571,2020-06-14
MA,37.0,2020-06-14
MG,14.4286,2020-06-15
SP,225.5714,2020-06-15
AM,34.4286,2020-06-15
CE,121.2857,2020-06-15
PR,13.1429,2020-06-15
MA,36.0,2020-06-15
MG,14.7143,2020-06-16
SP,230.0,2020-06-16
AM,33.5714,2020-06-16
CE,119.0,2020-06-16
PR,16.0,2020-06-16
MA,36.0,2020-06-16
MG,18.2857,2020-06-17
SP,237.0,2020-06-17
AM,30.8571,2020-06-17
CE,112.5714,2020-06-17
PR,16.0,2020-06-17
MA,35.4286,2020-06-17
MG,19.8571,2020-06-18
SP,243.0,2020-06-18
AM,29.2857,2020-06-18
CE,97.8571,2020-06-18
PR,18.1429,2020-06-18
MA,35.2857,2020-06-18
MG,22.0,2020-06-19
SP,266.2857,2020-06-19
AM,27.8571,2020-06-19
CE,97.8571,2020-06-19
PR,18.0,2020-06-19
MA,35.1429,2020-06-19
MG,26.0,2020-06-20
SP,273.2857,2020-06-20
AM,26.4286,2020-06-20
CE,98.7143,2020-06-20
PR,16.7143,2020-06-20
MA,35.4286,2020-06-20
MG,26.5714,2020-06-21
SP,270.5714,2020-06-21
AM,23.5714,2020-06-21
CE,91.1429,2020-06-21
PR,16.7143,2020-06-21
MA,36.2857,2020-06-21
MG,29.5714,2020-06-22
SP,266.7143,2020-06-22
AM,22.7143,2020-06-22
CE,82.4286,2020-06-22
PR,18.1429,2020-06-22
MA,37.2857,2020-06-22
MG,31.1429,2020-06-23
SP,276.5714,2020-06-23
AM,19.4286,2020-06-23
CE,76.5714,2020-06-23
PR,18.0,2020-06-23
MA,37.1429,2020-06-23
MG,33.4286,2020-06-24
SP,261.5714,2020-06-24
AM,18.7143,2020-06-24
CE,72.5714,2020-06-24
PR,18.1429,2020-06-24
MA,38.0,2020-06-24
MG,33.7143,2020-06-25
SP,273.2857,2020-06-25
AM,18.0,2020-06-25
CE,71.7143,2020-06-25
PR,17.7143,2020-06-25
MA,37.7143,2020-06-25
MG,33.2857,2020-06-26
SP,247.7143,2020-06-26
AM,16.4286,2020-06-26
CE,66.4286,2020-06-26
PR,19.4286,2020-06-26
MA,37.2857,2020-06-26
MG,35.1429,2020-06-27
SP,252.7143,2020-06-27
AM,17.4286,2020-06-27
CE,66.7143,2020-06-27
PR,19.7143,2020-06-27
MA,37.0,2020-06-27
MG,34.0,2020-06-28
SP,250.0,2020-06-28
AM,18.1429,2020-06-28
CE,67.4286,2020-06-28
PR,21.1429,2020-06-28
MA,37.2857,2020-06-28
MG,36.0,2020-06-29
SP,252.0,2020-06-29
AM,17.2857,2020-06-29
CE,65.4286,2020-06-29
PR,20.5714,2020-06-29
MA,36.0,2020-06-29
MG,35.0,2020-06-30
SP,242.1429,2020-06-30
AM,19.5714,2020-06-30
CE,59.7143,2020-06-30
PR,21.5714,2020-06-30
MA,35.8571,2020-06-30
MG,33.7143,2020-07-01
SP,239.7143,2020-07-01
AM,19.0,2020-07-01
CE,55.4286,2020-07-01
PR,20.2857,2020-07-01
MA,35.0,2020-07-01
MG,36.1429,2020-07-02
SP,227.4286,2020-07-02
AM,18.7143,2020-07-02
CE,58.8571,2020-07-02
PR,23.8571,2020-07-02
MA,35.4286,2020-07-02
MG,39.5714,2020-07-03
SP,246.8571,2020-07-03
AM,21.1429,2020-07-03
CE,58.7143,2020-07-03
PR,23.4286,2020-07-03
MA,35.2857,2020-07-03
MG,43.0,2020-07-04
SP,247.5714,2020-07-04
AM,20.8571,2020-07-04
CE,64.8571,2020-07-04
PR,26.8571,2020-07-04
MA,34.5714,2020-07-04
MG,43.1429,2020-07-05
SP,248.5714,2020-07-05
AM,20.7143,2020-07-05
CE,63.7143,2020-07-05
PR,28.0,2020-07-05
MA,33.8571,2020-07-05
MG,41.4286,2020-07-06
SP,248.0,2020-07-06
AM,20.8571,2020-07-06
CE,61.1429,2020-07-06
PR,29.5714,2020-07-06
MA,34.0,2020-07-06
MG,45.2857,2020-07-07
SP,244.5714,2020-07-07
AM,18.4286,2020-07-07
CE,59.5714,2020-07-07
PR,28.8571,2020-07-07
MA,34.0,2020-07-07
MG,49.7143,2020-07-08
SP,251.1429,2020-07-08
AM,17.7143,2020-07-08
CE,67.8571,2020-07-08
PR,33.1429,2020-07-08
MA,34.7143,2020-07-08
MG,55.1429,2020-07-09
SP,252.4286,2020-07-09
AM,17.5714,2020-07-09
CE,66.7143,2020-07-09
PR,32.1429,2020-07-09
MA,34.0,2020-07-09
MG,56.2857,2020-07-10
SP,249.7143,2020-07-10
AM,17.2857,2020-07-10
CE,67.0,2020-07-10
PR,35.7143,2020-07-10
MA,34.1429,2020-07-10
MG,52.4286,2020-07-11
SP,243.7143,2020-07-11
AM,15.0,2020-07-11
CE,60.8571,2020-07-11
PR,36.1429,2020-07-11
MA,34.4286,2020-07-11
MG,53.5714,2020-07-12
SP,252.8571,2020-07-12
AM,15.7143,2020-07-12
CE,61.1429,2020-07-12
PR,35.7143,2020-07-12
MA,34.8571,2020-07-12
MG,55.0,2020-07-13
SP,253.2857,2020-07-13
AM,15.7143,2020-07-13
CE,67.2857,2020-07-13
PR,38.4286,2020-07-13
MA,35.8571,2020-07-13
MG,58.0,2020-07-14
SP,264.1429,2020-07-14
AM,16.0,2020-07-14
CE,59.1429,2020-07-14
PR,42.1429,2020-07-14
MA,35.7143,2020-07-14
MG,56.7143,2020-07-15
SP,264.5714,2020-07-15
AM,16.1429,2020-07-15
CE,57.5714,2020-07-15
PR,43.5714,2020-07-15
MA,35.4286,2020-07-15
MG,55.5714,2020-07-16
SP,274.2857,2020-07-16
AM,15.7143,2020-07-16
CE,52.1429,2020-07-16
PR,45.0,2020-07-16
MA,35.8571,2020-07-16
MG,57.1429,2020-07-17
SP,276.4286,2020-07-17
AM,15.7143,2020-07-17
CE,46.2857,2020-07-17
PR,44.8571,2020-07-17
MA,35.4286,2020-07-17
MG,59.1429,2020-07-18
SP,277.8571,2020-07-18
AM,15.1429,2020-07-18
CE,44.4286,2020-07-18
PR,41.7143,2020-07-18
MA,35.7143,2020-07-18
MG,58.0,2020-07-19
SP,269.1429,2020-07-19
AM,15.7143,2020-07-19
CE,44.2857,2020-07-19
PR,40.2857,2020-07-19
MA,35.0,2020-07-19
MG,55.5714,2020-07-20
SP,268.7143,2020-07-20
AM,14.0,2020-07-20
CE,40.1429,2020-07-20
PR,38.2857,2020-07-20
MA,34.1429,2020-07-20
MG,54.7143,2020-07-21
SP,263.8571,2020-07-21
AM,15.0,2020-07-21
CE,46.8571,2020-07-21
PR,38.4286,2020-07-21
MA,34.5714,2020-07-21
MG,59.1429,2020-07-22
SP,270.2857,2020-07-22
AM,14.7143,2020-07-22
CE,35.4286,2020-07-22
PR,40.8571,2020-07-22
MA,34.0,2020-07-22
MG,57.7143,2020-07-23
SP,265.1429,2020-07-23
AM,14.0,2020-07-23
CE,38.8571,2020-07-23
PR,42.7143,2020-07-23
MA,33.1429,2020-07-23
MG,58.7143,2020-07-24
SP,261.2857,2020-07-24
AM,11.5714,2020-07-24
CE,41.4286,2020-07-24
PR,43.7143,2020-07-24
MA,33.0,2020-07-24
MG,62.8571,2020-07-25
SP,267.1429,2020-07-25
AM,11.5714,2020-07-25
CE,43.1429,2020-07-25
PR,49.2857,2020-07-25
MA,31.7143,2020-07-25
MG,63.8571,2020-07-26
SP,267.7143,2020-07-26
AM,9.7143,2020-07-26
CE,45.0,2020-07-26
PR,49.1429,2020-07-26
MA,30.7143,2020-07-26
MG,65.2857,2020-07-27
SP,269.7143,2020-07-27
AM,11.1429,2020-07-27
CE,36.1429,2020-07-27
PR,49.4286,2020-07-27
MA,29.0,2020-07-27
MG,68.5714,2020-07-28
SP,269.7143,2020-07-28
AM,9.5714,2020-07-28
CE,44.4286,2020-07-28
PR,46.8571,2020-07-28
MA,25.8571,2020-07-28
MG,63.1429,2020-07-29
SP,265.2857,2020-07-29
AM,9.0,2020-07-29
CE,45.5714,2020-07-29
PR,46.8571,2020-07-29
MA,24.0,2020-07-29
MG,64.8571,2020-07-30
SP,259.4286,2020-07-30
AM,8.4286,2020-07-30
CE,36.1429,2020-07-30
PR,45.1429,2020-07-30
MA,22.2857,2020-07-30
MG,64.8571,2020-07-31
SP,255.8571,2020-07-31
AM,9.8571,2020-07-31
CE,33.7143,2020-07-31
PR,46.0,2020-07-31
MA,20.2857,2020-07-31
MG,65.2857,2020-08-01
SP,245.5714,2020-08-01
AM,9.7143,2020-08-01
CE,32.0,2020-08-01
PR,46.0,2020-08-01
MA,19.1429,2020-08-01
MG,66.0,2020-08-02
SP,244.4286,2020-08-02
AM,9.4286,2020-08-02
CE,30.8571,2020-08-02
PR,47.7143,2020-08-02
MA,18.1429,2020-08-02
MG,61.8571,2020-08-03
SP,241.2857,2020-08-03
AM,9.1429,2020-08-03
CE,36.0,2020-08-03
PR,49.5714,2020-08-03
MA,18.0,2020-08-03
MG,70.2857,2020-08-04
SP,234.7143,2020-08-04
AM,9.0,2020-08-04
CE,29.2857,2020-08-04
PR,55.0,2020-08-04
MA,18.0,2020-08-04
MG,83.8571,2020-08-05
SP,245.7143,2020-08-05
AM,10.1429,2020-08-05
CE,32.1429,2020-08-05
PR,50.0,2020-08-05
MA,17.8571,2020-08-05
MG,87.4286,2020-08-06
SP,248.2857,2020-08-06
AM,11.8571,2020-08-06
CE,36.7143,2020-08-06
PR,51.8571,2020-08-06
MA,17.7143,2020-08-06
MG,87.4286,2020-08-07
SP,248.2857,2020-08-07
AM,11.0,2020-08-07
CE,36.2857,2020-08-07
PR,60.7143,2020-08-07
MA,17.8571,2020-08-07
MG,84.0,2020-08-08
SP,254.2857,2020-08-08
AM,12.2857,2020-08-08
CE,35.7143,2020-08-08
PR,49.1429,2020-08-08
MA,17.4286,2020-08-08
MG,92.2857,2020-08-09
SP,256.7143,2020-08-09
AM,10.8571,2020-08-09
CE,38.4286,2020-08-09
PR,48.5714,2020-08-09
MA,17.0,2020-08-09
MG,100.4286,2020-08-10
SP,255.1429,2020-08-10
AM,13.7143,2020-08-10
CE,33.2857,2020-08-10
PR,49.7143,2020-08-10
MA,16.8571,2020-08-10
MG,81.4286,2020-08-11
SP,267.0,2020-08-11
AM,15.1429,2020-08-11
CE,31.7143,2020-08-11
PR,45.2857,2020-08-11
MA,17.0,2020-08-11
MG,84.0,2020-08-12
SP,251.4286,2020-08-12
AM,14.2857,2020-08-12
CE,29.0,2020-08-12
PR,50.2857,2020-08-12
MA,16.0,2020-08-12
MG,77.4286,2020-08-13
SP,268.0,2020-08-13
AM,14.2857,2020-08-13
CE,27.4286,2020-08-13
PR,50.2857,2020-08-13
MA,15.4286,2020-08-13
MG,80.2857,2020-08-14
SP,268.2857,2020-08-14
AM,15.7143,2020-08-14
CE,25.8571,2020-08-14
PR,38.1429,2020-08-14
MA,14.5714,2020-08-14
MG,85.0,2020-08-15
SP,252.0,2020-08-15
AM,14.1429,2020-08-15
CE,25.0,2020-08-15
PR,49.4286,2020-08-15
MA,14.1429,2020-08-15
MG,85.0,2020-08-16
SP,248.2857,2020-08-16
AM,17.7143,2020-08-16
CE,22.0,2020-08-16
PR,49.4286,2020-08-16
MA,13.5714,2020-08-16
MG,89.4286,2020-08-17
SP,249.7143,2020-08-17
AM,17.2857,2020-08-17
CE,25.4286,2020-08-17
PR,47.8571,2020-08-17
MA,12.8571,2020-08-17
MG,99.0,2020-08-18
SP,249.1429,2020-08-18
AM,17.0,2020-08-18
CE,22.7143,2020-08-18
PR,48.0,2020-08-18
MA,12.1429,2020-08-18
MG,93.2857,2020-08-19
SP,246.0,2020-08-19
AM,17.1429,2020-08-19
CE,23.5714,2020-08-19
PR,41.7143,2020-08-19
MA,12.4286,2020-08-19
MG,99.5714,2020-08-20
SP,225.8571,2020-08-20
AM,16.5714,2020-08-20
CE,18.8571,2020-08-20
PR,45.0,2020-08-20
MA,12.4286,2020-08-20
MG,102.8571,2020-08-21
SP,220.2857,2020-08-21
AM,14.4286,2020-08-21
CE,20.1429,2020-08-21
PR,45.1429,2020-08-21
MA,12.5714,2020-08-21
MG,99.0,2020-08-22
SP,230.2857,2020-08-22
AM,13.4286,2020-08-22
CE,22.7143,2020-08-22
PR,42.2857,2020-08-22
MA,12.4286,2020-08-22
MG,94.0,2020-08-23
SP,230.7143,2020-08-23
AM,11.4286,2020-08-23
CE,22.2857,2020-08-23
PR,40.8571,2020-08-23
MA,12.5714,2020-08-23
MG,83.1429,2020-08-24
SP,229.4286,2020-08-24
AM,10.4286,2020-08-24
CE,23.2857,2020-08-24
PR,39.5714,2020-08-24
MA,12.5714,2020-08-24
MG,77.2857,2020-08-25
SP,228.1429,2020-08-25
AM,9.1429,2020-08-25
CE,20.5714,2020-08-25
PR,40.1429,2020-08-25
MA,12.5714,2020-08-25
MG,73.1429,2020-08-26
SP,229.0,2020-08-26
AM,9.0,2020-08-26
CE,17.2857,2020-08-26
PR,42.0,2020-08-26
MA,12.5714,2020-08-26
MG,72.2857,2020-08-27
SP,215.7143,2020-08-27
AM,9.2857,2020-08-27
CE,18.4286,2020-08-27
PR,37.4286,2020-08-27
MA,12.4286,2020-08-27
MG,72.0,2020-08-28
SP,219.8571,2020-08-28
AM,10.4286,2020-08-28
CE,16.0,2020-08-28
PR,38.0,2020-08-28
MA,12.0,2020-08-28
MG,76.1429,2020-08-29
SP,221.7143,2020-08-29
AM,11.0,2020-08-29
CE,13.4286,2020-08-29
PR,39.0,2020-08-29
MA,12.0,2020-08-29
MG,76.5714,2020-08-30
SP,215.8571,2020-08-30
AM,10.8571,2020-08-30
CE,13.5714,2020-08-30
PR,39.1429,2020-08-30
MA,12.0,2020-08-30
MG,75.7143,2020-08-31
SP,215.5714,2020-08-31
AM,10.1429,2020-08-31
CE,10.5714,2020-08-31
PR,40.0,2020-08-31
MA,11.5714,2020-08-31
MG,73.8571,2020-09-01
SP,209.0,2020-09-01
AM,10.4286,2020-09-01
CE,16.1429,2020-09-01
PR,40.4286,2020-09-01
MA,11.4286,2020-09-01
MG,79.5714,2020-09-02
SP,211.2857,2020-09-02
AM,31.2857,2020-09-02
CE,17.0,2020-09-02
PR,42.4286,2020-09-02
MA,11.0,2020-09-02
MG,77.4286,2020-09-03
SP,212.8571,2020-09-03
AM,30.2857,2020-09-03
CE,22.5714,2020-09-03
PR,42.2857,2020-09-03
MA,10.8571,2020-09-03
MG,77.2857,2020-09-04
SP,199.5714,2020-09-04
AM,29.2857,2020-09-04
CE,26.1429,2020-09-04
PR,44.4286,2020-09-04
MA,10.8571,2020-09-04
MG,62.5714,2020-09-05
SP,195.5714,2020-09-05
AM,29.5714,2020-09-05
CE,26.1429,2020-09-05
PR,43.2857,2020-09-05
MA,10.7143,2020-09-05
MG,73.0,2020-09-06
SP,196.4286,2020-09-06
AM,29.7143,2020-09-06
CE,26.0,2020-09-06
PR,42.8571,2020-09-06
MA,10.2857,2020-09-06
MG,73.7143,2020-09-07
SP,194.7143,2020-09-07
AM,28.5714,2020-09-07
CE,22.5714,2020-09-07
PR,41.0,2020-09-07
MA,10.2857,2020-09-07
MG,73.2857,2020-09-08
SP,150.7143,2020-09-08
AM,27.7143,2020-09-08
CE,18.4286,2020-09-08
PR,38.5714,2020-09-08
MA,10.2857,2020-09-08
MG,61.4286,2020-09-09
SP,164.0,2020-09-09
AM,6.2857,2020-09-09
CE,21.8571,2020-09-09
PR,37.2857,2020-09-09
MA,10.2857,2020-09-09
MG,59.7143,2020-09-10
SP,171.2857,2020-09-10
AM,6.5714,2020-09-10
CE,17.8571,2020-09-10
PR,37.2857,2020-09-10
MA,10.2857,2020-09-10
MG,58.0,2020-09-11
SP,178.1429,2020-09-11
AM,7.0,2020-09-11
CE,17.1429,2020-09-11
PR,39.4286,2020-09-11
MA,10.2857,2020-09-11
MG,70.2857,2020-09-12
SP,179.1429,2020-09-12
AM,6.7143,2020-09-12
CE,17.1429,2020-09-12
PR,37.7143,2020-09-12
MA,10.0,2020-09-12
MG,62.7143,2020-09-13
SP,179.0,2020-09-13
AM,6.4286,2020-09-13
CE,17.1429,2020-09-13
PR,38.8571,2020-09-13
MA,10.2857,2020-09-13
MG,62.1429,2020-09-14
SP,180.7143,2020-09-14
AM,7.0,2020-09-14
CE,18.7143,2020-09-14
PR,39.4286,2020-09-14
MA,10.2857,2020-09-14
MG,64.4286,2020-09-15
SP,219.0,2020-09-15
AM,7.4286,2020-09-15
CE,23.0,2020-09-15
PR,43.2857,2020-09-15
MA,10.2857,2020-09-15
MG,69.1429,2020-09-16
SP,204.5714,2020-09-16
AM,8.1429,2020-09-16
CE,18.5714,2020-09-16
PR,44.4286,2020-09-16
MA,10.2857,2020-09-16
MG,70.1429,2020-09-17
SP,195.4286,2020-09-17
AM,8.1429,2020-09-17
CE,17.7143,2020-09-17
PR,44.0,2020-09-17
MA,10.2857,2020-09-17
MG,65.7143,2020-09-18
SP,191.4286,2020-09-18
AM,9.5714,2020-09-18
CE,16.0,2020-09-18
PR,40.8571,2020-09-18
MA,10.2857,2020-09-18
MG,65.1429,2020-09-19
SP,194.2857,2020-09-19
AM,9.7143,2020-09-19
CE,16.5714,2020-09-19
PR,41.7143,2020-09-19
MA,10.5714,2020-09-19
MG,62.5714,2020-09-20
SP,192.2857,2020-09-20
AM,9.5714,2020-09-20
CE,18.4286,2020-09-20
PR,41.0,2020-09-20
MA,10.4286,2020-09-20
MG,63.0,2020-09-21
SP,191.7143,2020-09-21
AM,9.4286,2020-09-21
CE,19.4286,2020-09-21
PR,41.8571,2020-09-21
MA,10.5714,2020-09-21
MG,62.2857,2020-09-22
SP,186.1429,2020-09-22
AM,8.5714,2020-09-22
CE,14.4286,2020-09-22
PR,38.1429,2020-09-22
MA,10.4286,2020-09-22
MG,68.2857,2020-09-23
SP,177.0,2020-09-23
AM,9.1429,2020-09-23
CE,16.0,2020-09-23
PR,39.0,2020-09-23
MA,10.2857,2020-09-23
MG,69.0,2020-09-24
SP,172.1429,2020-09-24
AM,8.7143,2020-09-24
CE,15.7143,2020-09-24
PR,37.4286,2020-09-24
MA,10.1429,2020-09-24
MG,68.8571,2020-09-25
SP,171.2857,2020-09-25
AM,7.1429,2020-09-25
CE,15.7143,2020-09-25
PR,35.8571,2020-09-25
MA,10.1429,2020-09-25
MG,75.0,2020-09-26
SP,162.2857,2020-09-26
AM,9.4286,2020-09-26
CE,16.7143,2020-09-26
PR,35.8571,2020-09-26
MA,10.1429,2020-09-26
MG,73.4286,2020-09-27
SP,165.1429,2020-09-27
AM,9.7143,2020-09-27
CE,15.1429,2020-09-27
PR,35.4286,2020-09-27
MA,10.1429,2020-09-27
MG,73.2857,2020-09-28
SP,163.0,2020-09-28
AM,9.5714,2020-09-28
CE,16.2857,2020-09-28
PR,33.1429,2020-09-28
MA,10.1429,2020-09-28
MG,70.7143,2020-09-29
SP,160.7143,2020-09-29
AM,9.7143,2020-09-29
CE,15.2857,2020-09-29
PR,33.8571,2020-09-29
MA,10.1429,2020-09-29
MG,66.1429,2020-09-30
SP,161.4286,2020-09-30
AM,24.5714,2020-09-30
CE,16.8571,2020-09-30
PR,34.4286,2020-09-30
MA,10.4286,2020-09-30
MG,64.7143,2020-10-01
SP,161.0,2020-10-01
AM,23.8571,2020-10-01
CE,22.2857,2020-10-01
PR,35.2857,2020-10-01
MA,10.4286,2020-10-01
MG,63.7143,2020-10-02
SP,154.1429,2020-10-02
AM,23.1429,2020-10-02
CE,20.2857,2020-10-02
PR,34.5714,2020-10-02
MA,10.4286,2020-10-02
MG,55.4286,2020-10-03
SP,153.2857,2020-10-03
AM,21.0,2020-10-03
CE,19.0,2020-10-03
PR,32.8571,2020-10-03
MA,10.4286,2020-10-03
MG,59.2857,2020-10-04
SP,152.8571,2020-10-04
AM,21.2857,2020-10-04
CE,19.0,2020-10-04
PR,33.0,2020-10-04
MA,10.2857,2020-10-04
MG,59.4286,2020-10-05
SP,156.4286,2020-10-05
AM,22.0,2020-10-05
CE,17.0,2020-10-05
PR,34.4286,2020-10-05
MA,10.2857,2020-10-05
MG,63.5714,2020-10-06
SP,157.0,2020-10-06
AM,22.5714,2020-10-06
CE,19.0,2020-10-06
PR,35.8571,2020-10-06
MA,10.2857,2020-10-06
MG,64.4286,2020-10-07
SP,149.5714,2020-10-07
AM,6.5714,2020-10-07
CE,15.7143,2020-10-07
PR,31.1429,2020-10-07
MA,10.2857,2020-10-07
MG,65.8571,2020-10-08
SP,154.2857,2020-10-08
AM,8.0,2020-10-08
CE,11.0,2020-10-08
PR,26.4286,2020-10-08
MA,10.2857,2020-10-08
MG,70.0,2020-10-09
SP,158.8571,2020-10-09
AM,8.7143,2020-10-09
CE,11.7143,2020-10-09
PR,25.1429,2020-10-09
MA,10.4286,2020-10-09
MG,70.2857,2020-10-10
SP,155.2857,2020-10-10
AM,9.4286,2020-10-10
CE,11.7143,2020-10-10
PR,25.8571,2020-10-10
MA,10.4286,2020-10-10
MG,69.1429,2020-10-11
SP,154.0,2020-10-11
AM,9.0,2020-10-11
CE,11.4286,2020-10-11
PR,25.5714,2020-10-11
MA,10.4286,2020-10-11
MG,67.7143,2020-10-12
SP,151.2857,2020-10-12
AM,8.8571,2020-10-12
CE,9.7143,2020-10-12
PR,23.5714,2020-10-12
MA,9.8571,2020-10-12
MG,63.0,2020-10-13
SP,117.7143,2020-10-13
AM,8.7143,2020-10-13
CE,7.1429,2020-10-13
PR,18.8571,2020-10-13
MA,9.7143,2020-10-13
MG,51.4286,2020-10-14
SP,124.5714,2020-10-14
AM,9.4286,2020-10-14
CE,11.4286,2020-10-14
PR,17.0,2020-10-14
MA,9.7143,2020-10-14
MG,52.8571,2020-10-15
SP,115.1429,2020-10-15
AM,10.5714,2020-10-15
CE,10.7143,2020-10-15
PR,24.0,2020-10-15
MA,9.7143,2020-10-15
MG,50.4286,2020-10-16
SP,114.5714,2020-10-16
AM,11.7143,2020-10-16
CE,10.4286,2020-10-16
PR,25.2857,2020-10-16
MA,9.2857,2020-10-16
MG,49.1429,2020-10-17
SP,109.8571,2020-10-17
AM,12.8571,2020-10-17
CE,10.5714,2020-10-17
PR,23.7143,2020-10-17
MA,9.0,2020-10-17
MG,45.5714,2020-10-18
SP,109.1429,2020-10-18
AM,13.2857,2020-10-18
CE,10.8571,2020-10-18
PR,22.1429,2020-10-18
MA,8.7143,2020-10-18
MG,46.1429,2020-10-19
SP,108.0,2020-10-19
AM,14.7143,2020-10-19
CE,11.7143,2020-10-19
PR,21.8571,2020-10-19
MA,9.0,2020-10-19
MG,48.2857,2020-10-20
SP,133.1429,2020-10-20
AM,15.5714,2020-10-20
CE,12.4286,2020-10-20
PR,27.7143,2020-10-20
MA,9.1429,2020-10-20
MG,54.7143,2020-10-21
SP,118.5714,2020-10-21
AM,14.8571,2020-10-21
CE,8.4286,2020-10-21
PR,30.4286,2020-10-21
MA,9.1429,2020-10-21
MG,50.5714,2020-10-22
SP,113.1429,2020-10-22
AM,15.2857,2020-10-22
CE,6.2857,2020-10-22
PR,23.8571,2020-10-22
MA,8.8571,2020-10-22
MG,48.7143,2020-10-23
SP,105.4286,2020-10-23
AM,17.2857,2020-10-23
CE,6.1429,2020-10-23
PR,24.4286,2020-10-23
MA,9.1429,2020-10-23
MG,46.7143,2020-10-24
SP,104.8571,2020-10-24
AM,15.4286,2020-10-24
CE,5.8571,2020-10-24
PR,24.4286,2020-10-24
MA,9.1429,2020-10-24
MG,46.2857,2020-10-25
SP,103.8571,2020-10-25
AM,16.2857,2020-10-25
CE,7.0,2020-10-25
PR,25.5714,2020-10-25
MA,9.1429,2020-10-25
MG,46.5714,2020-10-26
SP,102.5714,2020-10-26
AM,15.7143,2020-10-26
CE,10.8571,2020-10-26
PR,24.2857,2020-10-26
MA,9.1429,2020-10-26
MG,43.7143,2020-10-27
SP,91.2857,2020-10-27
AM,16.4286,2020-10-27
CE,13.7143,2020-10-27
PR,18.5714,2020-10-27
MA,9.2857,2020-10-27
MG,45.4286,2020-10-28
SP,90.8571,2020-10-28
AM,17.0,2020-10-28
CE,11.8571,2020-10-28
PR,16.0,2020-10-28
MA,9.1429,2020-10-28
MG,42.1429,2020-10-29
SP,91.0,2020-10-29
AM,17.1429,2020-10-29
CE,13.1429,2020-10-29
PR,18.1429,2020-10-29
MA,9.4286,2020-10-29
MG,47.0,2020-10-30
SP,92.4286,2020-10-30
AM,14.5714,2020-10-30
CE,14.1429,2020-10-30
PR,17.2857,2020-10-30
MA,9.4286,2020-10-30
MG,40.4286,2020-10-31
SP,83.5714,2020-10-31
AM,15.7143,2020-10-31
CE,15.0,2020-10-31
PR,17.7143,2020-10-31
MA,9.4286,2020-10-31
MG,38.2857,2020-11-01
SP,83.4286,2020-11-01
AM,15.5714,2020-11-01
CE,14.4286,2020-11-01
PR,17.1429,2020-11-01
MA,9.5714,2020-11-01
MG,38.2857,2020-11-02
SP,84.7143,2020-11-02
AM,15.0,2020-11-02
CE,9.8571,2020-11-02
PR,17.8571,2020-11-02
MA,9.5714,2020-11-02
MG,37.2857,2020-11-03
SP,68.4286,2020-11-03
AM,13.5714,2020-11-03
CE,6.0,2020-11-03
PR,18.4286,2020-11-03
MA,9.5714,2020-11-03
MG,28.1429,2020-11-04
SP,77.4286,2020-11-04
AM,13.8571,2020-11-04
CE,8.4286,2020-11-04
PR,17.4286,2020-11-04
MA,9.5714,2020-11-04
MG,30.2857,2020-11-05
SP,85.4286,2020-11-05
AM,13.0,2020-11-05
CE,8.1429,2020-11-05
PR,17.0,2020-11-05
MA,9.5714,2020-11-05
MG,26.2857,2020-11-06
SP,66.0,2020-11-06
AM,11.2857,2020-11-06
CE,7.0,2020-11-06
PR,17.8571,2020-11-06
MA,9.7143,2020-11-06
MG,27.0,2020-11-07
SP,58.0,2020-11-07
AM,11.2857,2020-11-07
CE,6.0,2020-11-07
PR,20.8571,2020-11-07
MA,9.4286,2020-11-07
MG,23.7143,2020-11-08
SP,55.1429,2020-11-08
AM,10.0,2020-11-08
CE,6.0,2020-11-08
PR,32.8571,2020-11-08
MA,9.1429,2020-11-08
MG,22.4286,2020-11-09
SP,53.0,2020-11-09
AM,11.2857,2020-11-09
CE,6.4286,2020-11-09
PR,34.0,2020-11-09
MA,8.5714,2020-11-09
MG,22.0,2020-11-10
SP,50.4286,2020-11-10
AM,11.0,2020-11-10
CE,7.2857,2020-11-10
PR,34.1429,2020-11-10
MA,8.1429,2020-11-10
MG,19.2857,2020-11-11
SP,51.1429,2020-11-11
AM,9.5714,2020-11-11
CE,4.7143,2020-11-11
PR,42.0,2020-11-11
MA,7.8571,2020-11-11
MG,18.7143,2020-11-12
SP,69.2857,2020-11-12
AM,10.5714,2020-11-12
CE,5.4286,2020-11-12
PR,45.2857,2020-11-12
MA,7.5714,2020-11-12
MG,29.4286,2020-11-13
SP,69.2857,2020-11-13
AM,10.8571,2020-11-13
CE,6.0,2020-11-13
PR,51.1429,2020-11-13
MA,7.1429,2020-11-13
MG,42.8571,2020-11-14
SP,118.8571,2020-11-14
AM,10.1429,2020-11-14
CE,6.2857,2020-11-14
PR,47.0,2020-11-14
MA,7.4286,2020-11-14
MG,43.2857,2020-11-15
SP,121.0,2020-11-15
AM,10.2857,2020-11-15
CE,5.2857,2020-11-15
PR,35.0,2020-11-15
MA,7.5714,2020-11-15
MG,44.7143,2020-11-16
SP,122.7143,2020-11-16
AM,8.0,2020-11-16
CE,5.1429,2020-11-16
PR,36.8571,2020-11-16
MA,8.1429,2020-11-16
MG,46.7143,2020-11-17
SP,147.4286,2020-11-17
AM,10.4286,2020-11-17
CE,4.5714,2020-11-17
PR,37.2857,2020-11-17
MA,8.1429,2020-11-17
MG,57.2857,2020-11-18
SP,145.7143,2020-11-18
AM,10.4286,2020-11-18
CE,6.8571,2020-11-18
PR,32.8571,2020-11-18
MA,8.1429,2020-11-18
MG,55.5714,2020-11-19
SP,124.5714,2020-11-19
AM,8.5714,2020-11-19
CE,6.1429,2020-11-19
PR,31.0,2020-11-19
MA,8.0,2020-11-19
MG,40.4286,2020-11-20
SP,139.5714,2020-11-20
AM,11.1429,2020-11-20
CE,7.4286,2020-11-20
PR,20.5714,2020-11-20
MA,8.0,2020-11-20
MG,32.5714,2020-11-21
SP,101.0,2020-11-21
AM,11.1429,2020-11-21
CE,6.8571,2020-11-21
PR,22.1429,2020-11-21
MA,7.5714,2020-11-21
MG,38.5714,2020-11-22
SP,100.4286,2020-11-22
AM,11.7143,2020-11-22
CE,6.5714,2020-11-22
PR,22.2857,2020-11-22
MA,7.7143,2020-11-22
MG,39.5714,2020-11-23
SP,100.0,2020-11-23
AM,13.8571,2020-11-23
CE,10.1429,2020-11-23
PR,21.5714,2020-11-23
MA,7.7143,2020-11-23
MG,39.0,2020-11-24
SP,100.8571,2020-11-24
AM,13.5714,2020-11-24
CE,10.5714,2020-11-24
PR,24.5714,2020-11-24
MA,7.5714,2020-11-24
MG,36.1429,2020-11-25
SP,96.2857,2020-11-25
AM,14.0,2020-11-25
CE,9.4286,2020-11-25
PR,26.4286,2020-11-25
MA,7.5714,2020-11-25
MG,36.5714,2020-11-26
SP,99.8571,2020-11-26
AM,16.4286,2020-11-26
CE,13.1429,2020-11-26
PR,30.8571,2020-11-26
MA,7.5714,2020-11-26
MG,37.1429,2020-11-27
SP,103.2857,2020-11-27
AM,15.4286,2020-11-27
CE,15.8571,2020-11-27
PR,35.1429,2020-11-27
MA,7.7143,2020-11-27
MG,36.8571,2020-11-28
SP,113.1429,2020-11-28
AM,15.0,2020-11-28
CE,17.1429,2020-11-28
PR,37.2857,2020-11-28
MA,7.8571,2020-11-28
MG,36.2857,2020-11-29
SP,115.5714,2020-11-29
AM,15.1429,2020-11-29
CE,17.4286,2020-11-29
PR,38.4286,2020-11-29
MA,7.8571,2020-11-29
MG,35.2857,2020-11-30
SP,117.0,2020-11-30
AM,13.8571,2020-11-30
CE,16.2857,2020-11-30
PR,39.2857,2020-11-30
MA,7.8571,2020-11-30
MG,35.2857,2020-12-01
SP,119.2857,2020-12-01
AM,11.1429,2020-12-01
CE,16.5714,2020-12-01
PR,40.7143,2020-12-01
MA,8.1429,2020-12-01
MG,37.5714,2020-12-02
SP,122.1429,2020-12-02
AM,12.2857,2020-12-02
CE,15.4286,2020-12-02
PR,37.8571,2020-12-02
MA,8.1429,2020-12-02
MG,40.4286,2020-12-03
SP,123.4286,2020-12-03
AM,10.8571,2020-12-03
CE,13.1429,2020-12-03
PR,38.7143,2020-12-03
MA,8.4286,2020-12-03
MG,39.8571,2020-12-04
SP,126.5714,2020-12-04
AM,9.5714,2020-12-04
CE,12.1429,2020-12-04
PR,40.1429,2020-12-04
MA,8.2857,2020-12-04
MG,41.8571,2020-12-05
SP,131.5714,2020-12-05
AM,10.0,2020-12-05
CE,12.2857,2020-12-05
PR,44.8571,2020-12-05
MA,8.0,2020-12-05
MG,43.5714,2020-12-06
SP,134.1429,2020-12-06
AM,9.4286,2020-12-06
CE,13.8571,2020-12-06
PR,44.4286,2020-12-06
MA,7.4286,2020-12-06
MG,42.8571,2020-12-07
SP,135.0,2020-12-07
AM,10.0,2020-12-07
CE,15.5714,2020-12-07
PR,45.2857,2020-12-07
MA,6.8571,2020-12-07
MG,42.0,2020-12-08
SP,141.7143,2020-12-08
AM,10.4286,2020-12-08
CE,14.2857,2020-12-08
PR,46.2857,2020-12-08
MA,6.2857,2020-12-08
MG,44.0,2020-12-09
SP,143.5714,2020-12-09
AM,8.7143,2020-12-09
CE,17.4286,2020-12-09
PR,52.1429,2020-12-09
MA,6.0,2020-12-09
MG,44.5714,2020-12-10
SP,146.2857,2020-12-10
AM,6.5714,2020-12-10
CE,16.4286,2020-12-10
PR,48.4286,2020-12-10
MA,5.7143,2020-12-10
MG,48.2857,2020-12-11
SP,144.8571,2020-12-11
AM,7.2857,2020-12-11
CE,13.0,2020-12-11
PR,48.7143,2020-12-11
MA,5.4286,2020-12-11
MG,51.7143,2020-12-12
SP,143.1429,2020-12-12
AM,7.4286,2020-12-12
CE,11.5714,2020-12-12
PR,48.4286,2020-12-12
MA,5.7143,2020-12-12
MG,52.1429,2020-12-13
SP,143.2857,2020-12-13
AM,7.1429,2020-12-13
CE,11.7143,2020-12-13
PR,47.2857,2020-12-13
MA,5.8571,2020-12-13
MG,52.8571,2020-12-14
SP,144.2857,2020-12-14
AM,6.7143,2020-12-14
CE,9.2857,2020-12-14
PR,47.4286,2020-12-14
MA,6.0,2020-12-14
MG,53.4286,2020-12-15
SP,142.8571,2020-12-15
AM,8.1429,2020-12-15
CE,17.0,2020-12-15
PR,54.2857,2020-12-15
MA,6.2857,2020-12-15
MG,60.8571,2020-12-16
SP,117.2857,2020-12-16
AM,9.0,2020-12-16
CE,16.1429,2020-12-16
PR,72.7143,2020-12-16
MA,6.5714,2020-12-16
MG,62.0,2020-12-17
SP,145.7143,2020-12-17
AM,10.1429,2020-12-17
CE,17.8571,2020-12-17
PR,74.1429,2020-12-17
MA,6.5714,2020-12-17
MG,63.4286,2020-12-18
SP,153.7143,2020-12-18
AM,10.7143,2020-12-18
CE,19.2857,2020-12-18
PR,73.2857,2020-12-18
MA,6.4286,2020-12-18
MG,64.0,2020-12-19
SP,151.1429,2020-12-19
AM,11.1429,2020-12-19
CE,19.7143,2020-12-19
PR,73.0,2020-12-19
MA,6.4286,2020-12-19
MG,74.8571,2020-12-20
SP,144.4286,2020-12-20
AM,12.0,2020-12-20
CE,18.5714,2020-12-20
PR,78.2857,2020-12-20
MA,6.5714,2020-12-20
MG,74.8571,2020-12-21
SP,155.1429,2020-12-21
AM,11.8571,2020-12-21
CE,17.8571,2020-12-21
PR,75.4286,2020-12-21
MA,6.7143,2020-12-21
MG,77.0,2020-12-22
SP,159.0,2020-12-22
AM,12.1429,2020-12-22
CE,11.7143,2020-12-22
PR,77.2857,2020-12-22
MA,6.4286,2020-12-22
MG,71.4286,2020-12-23
SP,184.8571,2020-12-23
AM,13.8571,2020-12-23
CE,10.2857,2020-12-23
PR,58.7143,2020-12-23
MA,6.2857,2020-12-23
MG,77.4286,2020-12-24
SP,153.8571,2020-12-24
AM,14.5714,2020-12-24
CE,7.8571,2020-12-24
PR,61.1429,2020-12-24
MA,6.1429,2020-12-24
MG,79.0,2020-12-25
SP,131.0,2020-12-25
AM,14.1429,2020-12-25
CE,6.1429,2020-12-25
PR,60.1429,2020-12-25
MA,6.4286,2020-12-25
MG,70.2857,2020-12-26
SP,111.2857,2020-12-26
AM,13.8571,2020-12-26
CE,5.7143,2020-12-26
PR,55.0,2020-12-26
MA,6.5714,2020-12-26
MG,52.4286,2020-12-27
SP,119.1429,2020-12-27
AM,15.0,2020-12-27
CE,5.1429,2020-12-27
PR,52.8571,2020-12-27
MA,6.7143,2020-12-27
MG,52.8571,2020-12-28
SP,109.4286,2020-12-28
AM,16.0,2020-12-28
CE,4.7143,2020-12-28
PR,57.4286,2020-12-28
MA,6.5714,2020-12-28
MG,51.0,2020-12-29
SP,114.2857,2020-12-29
AM,17.2857,2020-12-29
CE,4.5714,2020-12-29
PR,50.0,2020-12-29
MA,7.1429,2020-12-29
MG,61.2857,2020-12-30
SP,128.7143,2020-12-30
AM,17.8571,2020-12-30
CE,5.5714,2020-12-30
PR,51.1429,2020-12-30
MA,7.1429,2020-12-30
MG,61.0,2020-12-31
SP,137.0,2020-12-31
AM,19.1429,2020-12-31
CE,5.8571,2020-12-31
PR,53.4286,2020-12-31
MA,7.0,2020-12-31
MG,62.7143,2021-01-01
SP,140.0,2021-01-01
AM,19.1429,2021-01-01
CE,7.4286,2021-01-01
PR,51.2857,2021-01-01
MA,6.8571,2021-01-01
MG,62.5714,2021-01-02
SP,142.8571,2021-01-02
AM,21.7143,2021-01-02
CE,9.0,2021-01-02
PR,49.2857,2021-01-02
MA,6.7143,2021-01-02
MG,63.5714,2021-01-03
SP,140.2857,2021-01-03
AM,22.1429,2021-01-03
CE,10.2857,2021-01-03
PR,49.4286,2021-01-03
MA,6.4286,2021-01-03
MG,65.4286,2021-01-04
SP,140.8571,2021-01-04
AM,23.1429,2021-01-04
CE,9.2857,2021-01-04
PR,46.7143,2021-01-04
MA,6.4286,2021-01-04
MG,66.8571,2021-01-05
SP,146.7143,2021-01-05
AM,26.0,2021-01-05
CE,11.7143,2021-01-05
PR,49.2857,2021-01-05
MA,6.1429,2021-01-05
MG,61.0,2021-01-06
SP,147.7143,2021-01-06
AM,34.5714,2021-01-06
CE,10.8571,2021-01-06
PR,49.5714,2021-01-06
MA,6.0,2021-01-06
MG,66.2857,2021-01-07
SP,150.1429,2021-01-07
AM,37.2857,2021-01-07
CE,16.1429,2021-01-07
PR,93.7143,2021-01-07
MA,6.0,2021-01-07
MG,66.8571,2021-01-08
SP,179.1429,2021-01-08
AM,45.7143,2021-01-08
CE,19.0,2021-01-08
PR,103.2857,2021-01-08
MA,6.1429,2021-01-08
MG,81.5714,2021-01-09
SP,212.8571,2021-01-09
AM,49.1429,2021-01-09
CE,19.2857,2021-01-09
PR,105.8571,2021-01-09
MA,6.0,2021-01-09
MG,96.0,2021-01-10
SP,215.1429,2021-01-10
AM,50.8571,2021-01-10
CE,19.2857,2021-01-10
PR,103.0,2021-01-10
MA,6.2857,2021-01-10
MG,96.1429,2021-01-11
SP,213.0,2021-01-11
AM,55.4286,2021-01-11
CE,19.5714,2021-01-11
PR,101.1429,2021-01-11
MA,6.2857,2021-01-11
MG,95.2857,2021-01-12
SP,205.7143,2021-01-12
AM,56.5714,2021-01-12
CE,17.4286,2021-01-12
PR,104.2857,2021-01-12
MA,6.2857,2021-01-12
MG,97.5714,2021-01-13
SP,210.5714,2021-01-13
AM,54.1429,2021-01-13
CE,20.2857,2021-01-13
PR,97.5714,2021-01-13
MA,6.5714,2021-01-13
MG,94.5714,2021-01-14
SP,217.2857,2021-01-14
AM,54.8571,2021-01-14
CE,14.7143,2021-01-14
PR,49.5714,2021-01-14
MA,6.5714,2021-01-14
MG,101.8571,2021-01-15
SP,224.4286,2021-01-15
AM,61.1429,2021-01-15
CE,11.8571,2021-01-15
PR,46.5714,2021-01-15
MA,6.4286,2021-01-15
MG,108.7143,2021-01-16
SP,226.7143,2021-01-16
AM,64.8571,2021-01-16
CE,10.4286,2021-01-16
PR,47.2857,2021-01-16
MA,6.5714,2021-01-16
MG,108.0,2021-01-17
SP,227.7143,2021-01-17
AM,70.0,2021-01-17
CE,9.1429,2021-01-17
PR,49.0,2021-01-17
MA,6.2857,2021-01-17
MG,106.7143,2021-01-18
SP,229.7143,2021-01-18
AM,78.8571,2021-01-18
CE,11.1429,2021-01-18
PR,40.8571,2021-01-18
MA,6.4286,2021-01-18
MG,108.1429,2021-01-19
SP,236.5714,2021-01-19
AM,91.4286,2021-01-19
CE,9.7143,2021-01-19
PR,35.2857,2021-01-19
MA,6.1429,2021-01-19
MG,118.1429,2021-01-20
SP,238.1429,2021-01-20
AM,102.7143,2021-01-20
CE,8.1429,2021-01-20
PR,38.5714,2021-01-20
MA,5.8571,2021-01-20
MG,123.2857,2021-01-21
SP,235.5714,2021-01-21
AM,118.1429,2021-01-21
CE,12.8571,2021-01-21
PR,38.0,2021-01-21
MA,6.1429,2021-01-21
MG,118.2857,2021-01-22
SP,227.4286,2021-01-22
AM,120.8571,2021-01-22
CE,14.2857,2021-01-22
PR,35.7143,2021-01-22
MA,6.4286,2021-01-22
MG,113.2857,2021-01-23
SP,219.7143,2021-01-23
AM,132.5714,2021-01-23
CE,15.4286,2021-01-23
PR,40.2857,2021-01-23
MA,6.1429,2021-01-23
MG,116.2857,2021-01-24
SP,222.4286,2021-01-24
AM,136.4286,2021-01-24
CE,15.5714,2021-01-24
PR,43.2857,2021-01-24
MA,6.1429,2021-01-24
MG,117.4286,2021-01-25
SP,224.1429,2021-01-25
AM,132.0,2021-01-25
CE,17.5714,2021-01-25
PR,64.7143,2021-01-25
MA,5.7143,2021-01-25
MG,117.2857,2021-01-26
SP,217.1429,2021-01-26
AM,139.1429,2021-01-26
CE,19.5714,2021-01-26
PR,64.5714,2021-01-26
MA,5.5714,2021-01-26
MG,117.5714,2021-01-27
SP,216.8571,2021-01-27
AM,137.4286,2021-01-27
CE,23.1429,2021-01-27
PR,66.5714,2021-01-27
MA,5.4286,2021-01-27
MG,115.4286,2021-01-28
SP,220.4286,2021-01-28
AM,130.8571,2021-01-28
CE,21.4286,2021-01-28
PR,90.8571,2021-01-28
MA,5.4286,2021-01-28
MG,115.5714,2021-01-29
SP,218.5714,2021-01-29
AM,129.1429,2021-01-29
CE,20.7143,2021-01-29
PR,90.1429,2021-01-29
MA,5.5714,2021-01-29
MG,113.0,2021-01-30
SP,218.7143,2021-01-30
AM,138.1429,2021-01-30
CE,19.1429,2021-01-30
PR,94.0,2021-01-30
MA,6.2857,2021-01-30
MG,111.5714,2021-01-31
SP,218.8571,2021-01-31
AM,138.7143,2021-01-31
CE,20.7143,2021-01-31
PR,90.7143,2021-01-31
MA,6.8571,2021-01-31
MG,112.7143,2021-02-01
SP,219.1429,2021-02-01
AM,147.7143,2021-02-01
CE,17.5714,2021-02-01
PR,77.2857,2021-02-01
MA,7.8571,2021-02-01
MG,114.0,2021-02-02
SP,231.0,2021-02-02
AM,141.4286,2021-02-02
CE,18.5714,2021-02-02
PR,79.5714,2021-02-02
MA,8.8571,2021-02-02
MG,110.1429,2021-02-03
SP,219.1429,2021-02-03
AM,143.4286,2021-02-03
CE,19.0,2021-02-03
PR,76.8571,2021-02-03
MA,9.7143,2021-02-03
MG,114.2857,2021-02-04
SP,216.5714,2021-02-04
AM,149.0,2021-02-04
CE,18.2857,2021-02-04
PR,52.7143,2021-02-04
MA,10.4286,2021-02-04
MG,121.1429,2021-02-05
SP,228.8571,2021-02-05
AM,146.0,2021-02-05
CE,19.7143,2021-02-05
PR,56.2857,2021-02-05
MA,10.8571,2021-02-05
MG,124.0,2021-02-06
SP,227.2857,2021-02-06
AM,130.8571,2021-02-06
CE,21.0,2021-02-06
PR,52.0,2021-02-06
MA,11.0,2021-02-06
MG,124.2857,2021-02-07
SP,225.7143,2021-02-07
AM,126.5714,2021-02-07
CE,19.2857,2021-02-07
PR,51.1429,2021-02-07
MA,11.1429,2021-02-07
MG,124.7143,2021-02-08
SP,224.7143,2021-02-08
AM,121.4286,2021-02-08
CE,19.0,2021-02-08
PR,54.8571,2021-02-08
MA,11.2857,2021-02-08
MG,123.4286,2021-02-09
SP,233.1429,2021-02-09
AM,124.4286,2021-02-09
CE,20.2857,2021-02-09
PR,58.1429,2021-02-09
MA,11.2857,2021-02-09
MG,131.1429,2021-02-10
SP,245.0,2021-02-10
AM,126.8571,2021-02-10
CE,16.2857,2021-02-10
PR,54.2857,2021-02-10
MA,11.4286,2021-02-10
MG,129.4286,2021-02-11
SP,249.2857,2021-02-11
AM,129.0,2021-02-11
CE,23.4286,2021-02-11
PR,52.2857,2021-02-11
MA,11.2857,2021-02-11
MG,132.5714,2021-02-12
SP,235.2857,2021-02-12
AM,134.0,2021-02-12
CE,19.7143,2021-02-12
PR,49.1429,2021-02-12
MA,11.0,2021-02-12
MG,136.1429,2021-02-13
SP,235.1429,2021-02-13
AM,126.4286,2021-02-13
CE,30.0,2021-02-13
PR,50.1429,2021-02-13
MA,10.8571,2021-02-13
MG,135.5714,2021-02-14
SP,236.0,2021-02-14
AM,124.1429,2021-02-14
CE,31.7143,2021-02-14
PR,50.0,2021-02-14
MA,10.7143,2021-02-14
MG,131.4286,2021-02-15
SP,234.4286,2021-02-15
AM,125.1429,2021-02-15
CE,31.0,2021-02-15
PR,47.5714,2021-02-15
MA,10.4286,2021-02-15
MG,130.4286,2021-02-16
SP,230.7143,2021-02-16
AM,116.4286,2021-02-16
CE,30.8571,2021-02-16
PR,42.0,2021-02-16
MA,10.4286,2021-02-16
MG,125.1429,2021-02-17
SP,220.1429,2021-02-17
AM,104.1429,2021-02-17
CE,28.2857,2021-02-17
PR,47.4286,2021-02-17
MA,10.4286,2021-02-17
MG,120.5714,2021-02-18
SP,214.0,2021-02-18
AM,95.2857,2021-02-18
CE,22.1429,2021-02-18
PR,54.0,2021-02-18
MA,10.5714,2021-02-18
MG,121.0,2021-02-19
SP,218.2857,2021-02-19
AM,86.5714,2021-02-19
CE,25.8571,2021-02-19
PR,57.1429,2021-02-19
MA,11.2857,2021-02-19
MG,119.1429,2021-02-20
SP,221.7143,2021-02-20
AM,84.2857,2021-02-20
CE,17.4286,2021-02-20
PR,56.0,2021-02-20
MA,11.8571,2021-02-20
MG,119.2857,2021-02-21
SP,219.0,2021-02-21
AM,84.2857,2021-02-21
CE,19.1429,2021-02-21
PR,57.7143,2021-02-21
MA,12.2857,2021-02-21
MG,120.8571,2021-02-22
SP,219.7143,2021-02-22
AM,75.7143,2021-02-22
CE,24.5714,2021-02-22
PR,55.8571,2021-02-22
MA,12.7143,2021-02-22
MG,124.4286,2021-02-23
SP,213.8571,2021-02-23
AM,67.5714,2021-02-23
CE,29.1429,2021-02-23
PR,64.4286,2021-02-23
MA,13.0,2021-02-23
MG,123.5714,2021-02-24
SP,224.0,2021-02-24
AM,65.8571,2021-02-24
CE,33.7143,2021-02-24
PR,65.1429,2021-02-24
MA,13.4286,2021-02-24
MG,126.5714,2021-02-25
SP,233.2857,2021-02-25
AM,63.1429,2021-02-25
CE,41.1429,2021-02-25
PR,67.8571,2021-02-25
MA,14.1429,2021-02-25
MG,119.1429,2021-02-26
SP,232.8571,2021-02-26
AM,60.7143,2021-02-26
CE,48.1429,2021-02-26
PR,68.2857,2021-02-26
MA,14.5714,2021-02-26
MG,119.5714,2021-02-27
SP,240.7143,2021-02-27
AM,60.2857,2021-02-27
CE,48.0,2021-02-27
PR,73.5714,2021-02-27
MA,15.4286,2021-02-27
MG,121.5714,2021-02-28
SP,242.0,2021-02-28
AM,56.8571,2021-02-28
CE,45.7143,2021-02-28
PR,75.2857,2021-02-28
MA,16.5714,2021-02-28
MG,123.5714,2021-03-01
SP,243.4286,2021-03-01
AM,59.4286,2021-03-01
CE,46.4286,2021-03-01
PR,75.7143,2021-03-01
MA,17.8571,2021-03-01
MG,124.4286,2021-03-02
SP,259.2857,2021-03-02
AM,62.7143,2021-03-02
CE,39.4286,2021-03-02
PR,81.8571,2021-03-02
MA,19.0,2021-03-02
MG,128.2857,2021-03-03
SP,264.7143,2021-03-03
AM,63.5714,2021-03-03
CE,46.8571,2021-03-03
PR,89.1429,2021-03-03
MA,21.4286,2021-03-03
MG,128.1429,2021-03-04
SP,260.1429,2021-03-04
AM,63.4286,2021-03-04
CE,52.8571,2021-03-04
PR,88.7143,2021-03-04
MA,24.0,2021-03-04
MG,132.5714,2021-03-05
SP,276.4286,2021-03-05
AM,63.5714,2021-03-05
CE,54.7143,2021-03-05
PR,93.8571,2021-03-05
MA,27.0,2021-03-05
MG,132.5714,2021-03-06
SP,284.1429,2021-03-06
AM,58.4286,2021-03-06
CE,57.8571,2021-03-06
PR,101.2857,2021-03-06
MA,29.5714,2021-03-06
MG,136.8571,2021-03-07
SP,281.4286,2021-03-07
AM,57.4286,2021-03-07
CE,61.7143,2021-03-07
PR,131.7143,2021-03-07
MA,31.8571,2021-03-07
MG,135.7143,2021-03-08
SP,291.1429,2021-03-08
AM,50.0,2021-03-08
CE,66.8571,2021-03-08
PR,132.0,2021-03-08
MA,33.5714,2021-03-08
MG,137.1429,2021-03-09
SP,298.1429,2021-03-09
AM,47.0,2021-03-09
CE,80.1429,2021-03-09
PR,135.7143,2021-03-09
MA,35.5714,2021-03-09
MG,136.0,2021-03-10
SP,312.7143,2021-03-10
AM,43.0,2021-03-10
CE,83.1429,2021-03-10
PR,154.0,2021-03-10
MA,36.0,2021-03-10
MG,150.7143,2021-03-11
SP,330.8571,2021-03-11
AM,37.0,2021-03-11
CE,80.2857,2021-03-11
PR,153.0,2021-03-11
MA,35.8571,2021-03-11
MG,156.5714,2021-03-12
SP,352.4286,2021-03-12
AM,36.1429,2021-03-12
CE,76.1429,2021-03-12
PR,162.7143,2021-03-12
MA,34.1429,2021-03-12
MG,163.8571,2021-03-13
SP,364.0,2021-03-13
AM,39.4286,2021-03-13
CE,79.1429,2021-03-13
PR,164.0,2021-03-13
MA,32.8571,2021-03-13
MG,161.0,2021-03-14
SP,380.0,2021-03-14
AM,39.5714,2021-03-14
CE,79.1429,2021-03-14
PR,142.0,2021-03-14
MA,29.7143,2021-03-14
MG,162.7143,2021-03-15
SP,377.0,2021-03-15
AM,40.7143,2021-03-15
CE,79.1429,2021-03-15
PR,145.1429,2021-03-15
MA,28.0,2021-03-15
MG,158.5714,2021-03-16
SP,400.1429,2021-03-16
AM,40.2857,2021-03-16
CE,79.5714,2021-03-16
PR,160.0,2021-03-16
MA,27.5714,2021-03-16
MG,172.1429,2021-03-17
SP,421.2857,2021-03-17
AM,40.5714,2021-03-17
CE,81.5714,2021-03-17
PR,162.5714,2021-03-17
MA,27.0,2021-03-17
MG,173.7143,2021-03-18
SP,452.5714,2021-03-18
AM,39.5714,2021-03-18
CE,84.0,2021-03-18
PR,175.7143,2021-03-18
MA,27.1429,2021-03-18
MG,177.1429,2021-03-19
SP,466.7143,2021-03-19
AM,37.2857,2021-03-19
CE,89.1429,2021-03-19
PR,189.0,2021-03-19
MA,28.5714,2021-03-19
MG,179.7143,2021-03-20
SP,492.7143,2021-03-20
AM,37.0,2021-03-20
CE,84.0,2021-03-20
PR,192.5714,2021-03-20
MA,29.8571,2021-03-20
MG,193.8571,2021-03-21
SP,490.7143,2021-03-21
AM,36.0,2021-03-21
CE,85.1429,2021-03-21
PR,186.8571,2021-03-21
MA,29.5714,2021-03-21
MG,195.4286,2021-03-22
SP,482.7143,2021-03-22
AM,35.0,2021-03-22
CE,73.5714,2021-03-22
PR,191.8571,2021-03-22
MA,30.7143,2021-03-22
MG,201.1429,2021-03-23
SP,531.5714,2021-03-23
AM,30.4286,2021-03-23
CE,83.1429,2021-03-23
PR,192.1429,2021-03-23
MA,31.7143,2021-03-23
MG,209.7143,2021-03-24
SP,483.5714,2021-03-24
AM,26.8571,2021-03-24
CE,101.7143,2021-03-24
PR,179.4286,2021-03-24
MA,32.8571,2021-03-24
MG,181.1429,2021-03-25
SP,475.0,2021-03-25
AM,26.4286,2021-03-25
CE,87.0,2021-03-25
PR,194.4286,2021-03-25
MA,33.4286,2021-03-25
MG,192.4286,2021-03-26
SP,556.8571,2021-03-26
AM,24.8571,2021-03-26
CE,73.4286,2021-03-26
PR,183.0,2021-03-26
MA,33.7143,2021-03-26
MG,228.8571,2021-03-27
SP,619.0,2021-03-27
AM,23.4286,2021-03-27
CE,105.2857,2021-03-27
PR,183.4286,2021-03-27
MA,33.1429,2021-03-27
MG,240.0,2021-03-28
SP,633.2857,2021-03-28
AM,23.0,2021-03-28
CE,103.7143,2021-03-28
PR,185.2857,2021-03-28
MA,37.0,2021-03-28
MG,247.5714,2021-03-29
SP,668.7143,2021-03-29
AM,22.2857,2021-03-29
CE,122.0,2021-03-29
PR,188.7143,2021-03-29
MA,38.7143,2021-03-29
MG,256.0,2021-03-30
SP,695.5714,2021-03-30
AM,23.0,2021-03-30
CE,117.0,2021-03-30
PR,177.1429,2021-03-30
MA,38.8571,2021-03-30
MG,262.1429,2021-03-31
SP,821.1429,2021-03-31
AM,22.1429,2021-03-31
CE,121.7143,2021-03-31
PR,180.4286,2021-03-31
MA,38.8571,2021-03-31
MG,308.1429,2021-04-01
SP,890.1429,2021-04-01
AM,19.7143,2021-04-01
CE,136.4286,2021-04-01
PR,170.1429,2021-04-01
MA,38.7143,2021-04-01
MG,332.4286,2021-04-02
SP,836.5714,2021-04-02
AM,18.7143,2021-04-02
CE,141.7143,2021-04-02
PR,177.7143,2021-04-02
MA,39.0,2021-04-02
MG,309.7143,2021-04-03
SP,714.7143,2021-04-03
AM,17.4286,2021-04-03
CE,113.5714,2021-04-03
PR,161.8571,2021-04-03
MA,40.1429,2021-04-03
MG,281.0,2021-04-04
SP,718.4286,2021-04-04
AM,17.1429,2021-04-04
CE,115.8571,2021-04-04
PR,158.4286,2021-04-04
MA,41.0,2021-04-04
MG,275.0,2021-04-05
SP,697.4286,2021-04-05
AM,19.0,2021-04-05
CE,138.2857,2021-04-05
PR,159.2857,2021-04-05
MA,41.0,2021-04-05
MG,268.5714,2021-04-06
SP,723.1429,2021-04-06
AM,19.8571,2021-04-06
CE,145.2857,2021-04-06
PR,166.2857,2021-04-06
MA,41.4286,2021-04-06
MG,281.5714,2021-04-07
SP,684.4286,2021-04-07
AM,23.1429,2021-04-07
CE,105.0,2021-04-07
PR,200.1429,2021-04-07
MA,42.7143,2021-04-07
MG,295.2857,2021-04-08
SP,715.4286,2021-04-08
AM,24.4286,2021-04-08
CE,114.0,2021-04-08
PR,221.5714,2021-04-08
MA,44.0,2021-04-08
MG,290.8571,2021-04-09
SP,742.5714,2021-04-09
AM,25.4286,2021-04-09
CE,158.1429,2021-04-09
PR,231.4286,2021-04-09
MA,45.1429,2021-04-09
MG,297.7143,2021-04-10
SP,808.1429,2021-04-10
AM,26.2857,2021-04-10
CE,152.5714,2021-04-10
PR,248.0,2021-04-10
MA,45.8571,2021-04-10
MG,335.7143,2021-04-11
SP,842.4286,2021-04-11
AM,26.4286,2021-04-11
CE,153.0,2021-04-11
PR,253.8571,2021-04-11
MA,45.8571,2021-04-11
MG,339.5714,2021-04-12
SP,847.5714,2021-04-12
AM,23.4286,2021-04-12
CE,120.1429,2021-04-12
PR,250.5714,2021-04-12
MA,46.1429,2021-04-12
MG,336.7143,2021-04-13
SP,832.2857,2021-04-13
AM,22.5714,2021-04-13
CE,109.4286,2021-04-13
PR,263.7143,2021-04-13
MA,46.5714,2021-04-13
MG,333.2857,2021-04-14
SP,861.7143,2021-04-14
AM,20.2857,2021-04-14
CE,109.4286,2021-04-14
PR,228.1429,2021-04-14
MA,46.0,2021-04-14
MG,330.0,2021-04-15
SP,827.5714,2021-04-15
AM,19.2857,2021-04-15
CE,83.4286,2021-04-15
PR,213.4286,2021-04-15
MA,45.8571,2021-04-15
MG,326.8571,2021-04-16
SP,796.5714,2021-04-16
AM,18.0,2021-04-16
CE,94.7143,2021-04-16
PR,197.0,2021-04-16
MA,45.4286,2021-04-16
MG,331.7143,2021-04-17
SP,812.8571,2021-04-17
AM,16.7143,2021-04-17
CE,111.5714,2021-04-17
PR,186.2857,2021-04-17
MA,44.5714,2021-04-17
MG,329.2857,2021-04-18
SP,776.1429,2021-04-18
AM,16.2857,2021-04-18
CE,108.1429,2021-04-18
PR,181.8571,2021-04-18
MA,44.1429,2021-04-18
MG,329.5714,2021-04-19
SP,775.7143,2021-04-19
AM,17.8571,2021-04-19
CE,110.5714,2021-04-19
PR,180.7143,2021-04-19
MA,43.7143,2021-04-19
MG,339.1429,2021-04-20
SP,752.8571,2021-04-20
AM,19.5714,2021-04-20
CE,114.5714,2021-04-20
PR,156.7143,2021-04-20
MA,43.4286,2021-04-20
MG,336.8571,2021-04-21
SP,736.0,2021-04-21
AM,19.2857,2021-04-21
CE,134.7143,2021-04-21
PR,156.2857,2021-04-21
MA,42.8571,2021-04-21
MG,325.8571,2021-04-22
SP,610.7143,2021-04-22
AM,19.5714,2021-04-22
CE,146.5714,2021-04-22
PR,139.0,2021-04-22
MA,42.1429,2021-04-22
MG,279.4286,2021-04-23
SP,621.0,2021-04-23
AM,20.2857,2021-04-23
CE,124.5714,2021-04-23
PR,145.2857,2021-04-23
MA,40.0,2021-04-23
MG,292.4286,2021-04-24
SP,635.8571,2021-04-24
AM,20.5714,2021-04-24
CE,108.0,2021-04-24
PR,169.1429,2021-04-24
MA,38.5714,2021-04-24
MG,287.0,2021-04-25
SP,620.4286,2021-04-25
AM,20.8571,2021-04-25
CE,108.5714,2021-04-25
PR,173.5714,2021-04-25
MA,33.2857,2021-04-25
MG,288.1429,2021-04-26
SP,610.0,2021-04-26
AM,18.8571,2021-04-26
CE,103.0,2021-04-26
PR,175.1429,2021-04-26
MA,31.7143,2021-04-26
MG,281.5714,2021-04-27
SP,598.8571,2021-04-27
AM,18.7143,2021-04-27
CE,103.7143,2021-04-27
PR,168.1429,2021-04-27
MA,30.4286,2021-04-27
MG,284.4286,2021-04-28
SP,575.5714,2021-04-28
AM,19.0,2021-04-28
CE,98.1429,2021-04-28
PR,172.0,2021-04-28
MA,29.7143,2021-04-28
MG,287.8571,2021-04-29
SP,674.5714,2021-04-29
AM,20.1429,2021-04-29
CE,106.0,2021-04-29
PR,181.4286,2021-04-29
MA,29.2857,2021-04-29
MG,315.0,2021-04-30
SP,645.4286,2021-04-30
AM,19.0,2021-04-30
CE,109.4286,2021-04-30
PR,171.1429,2021-04-30
MA,30.4286,2021-04-30
MG,292.7143,2021-05-01
SP,627.5714,2021-05-01
AM,18.5714,2021-05-01
CE,114.7143,2021-05-01
PR,153.7143,2021-05-01
MA,31.0,2021-05-01
MG,281.5714,2021-05-02
SP,623.5714,2021-05-02
AM,17.7143,2021-05-02
CE,114.8571,2021-05-02
PR,149.5714,2021-05-02
MA,33.1429,2021-05-02
MG,271.2857,2021-05-03
SP,624.8571,2021-05-03
AM,18.5714,2021-05-03
CE,116.5714,2021-05-03
PR,146.2857,2021-05-03
MA,33.8571,2021-05-03
MG,271.2857,2021-05-04
SP,597.0,2021-05-04
AM,16.5714,2021-05-04
CE,131.4286,2021-05-04
PR,169.4286,2021-05-04
MA,34.1429,2021-05-04
MG,264.5714,2021-05-05
SP,579.1429,2021-05-05
AM,14.8571,2021-05-05
CE,126.7143,2021-05-05
PR,176.5714,2021-05-05
MA,34.1429,2021-05-05
MG,252.0,2021-05-06
SP,553.4286,2021-05-06
AM,13.1429,2021-05-06
CE,121.0,2021-05-06
PR,180.5714,2021-05-06
MA,33.7143,2021-05-06
MG,246.4286,2021-05-07
SP,542.5714,2021-05-07
AM,12.7143,2021-05-07
CE,102.2857,2021-05-07
PR,175.1429,2021-05-07
MA,32.4286,2021-05-07
MG,244.8571,2021-05-08
SP,529.7143,2021-05-08
AM,12.5714,2021-05-08
CE,107.1429,2021-05-08
PR,174.2857,2021-05-08
MA,30.7143,2021-05-08
MG,246.0,2021-05-09
SP,534.4286,2021-05-09
AM,12.4286,2021-05-09
CE,105.5714,2021-05-09
PR,168.5714,2021-05-09
MA,28.7143,2021-05-09
MG,249.8571,2021-05-10
SP,526.0,2021-05-10
AM,12.5714,2021-05-10
CE,105.7143,2021-05-10
PR,178.7143,2021-05-10
MA,26.7143,2021-05-10
MG,246.5714,2021-05-11
SP,519.8571,2021-05-11
AM,11.4286,2021-05-11
CE,71.4286,2021-05-11
PR,143.1429,2021-05-11
MA,25.7143,2021-05-11
MG,236.8571,2021-05-12
SP,520.8571,2021-05-12
AM,12.0,2021-05-12
CE,85.1429,2021-05-12
PR,117.8571,2021-05-12
MA,24.8571,2021-05-12
MG,226.8571,2021-05-13
SP,504.0,2021-05-13
AM,12.1429,2021-05-13
CE,92.8571,2021-05-13
PR,98.8571,2021-05-13
MA,24.4286,2021-05-13
MG,225.8571,2021-05-14
SP,500.5714,2021-05-14
AM,13.1429,2021-05-14
CE,80.8571,2021-05-14
PR,101.0,2021-05-14
MA,24.4286,2021-05-14
MG,219.0,2021-05-15
SP,478.0,2021-05-15
AM,14.2857,2021-05-15
CE,81.2857,2021-05-15
PR,117.1429,2021-05-15
MA,23.5714,2021-05-15
MG,213.8571,2021-05-16
SP,488.5714,2021-05-16
AM,14.7143,2021-05-16
CE,82.7143,2021-05-16
PR,125.5714,2021-05-16
MA,24.0,2021-05-16
MG,213.5714,2021-05-17
SP,491.5714,2021-05-17
AM,15.5714,2021-05-17
CE,94.5714,2021-05-17
PR,111.0,2021-05-17
MA,24.8571,2021-05-17
MG,213.5714,2021-05-18
SP,492.1429,2021-05-18
AM,17.2857,2021-05-18
CE,106.8571,2021-05-18
PR,123.4286,2021-05-18
MA,25.0,2021-05-18
MG,204.5714,2021-05-19
SP,499.4286,2021-05-19
AM,16.8571,2021-05-19
CE,96.5714,2021-05-19
PR,140.7143,2021-05-19
MA,25.2857,2021-05-19
MG,209.8571,2021-05-20
SP,500.4286,2021-05-20
AM,15.8571,2021-05-20
CE,107.5714,2021-05-20
PR,145.4286,2021-05-20
MA,25.2857,2021-05-20
MG,220.5714,2021-05-21
SP,503.4286,2021-05-21
AM,14.8571,2021-05-21
CE,110.1429,2021-05-21
PR,149.2857,2021-05-21
MA,25.4286,2021-05-21
MG,227.8571,2021-05-22
SP,500.2857,2021-05-22
AM,13.0,2021-05-22
CE,103.5714,2021-05-22
PR,126.2857,2021-05-22
MA,26.4286,2021-05-22
MG,225.4286,2021-05-23
SP,485.0,2021-05-23
AM,12.7143,2021-05-23
CE,103.1429,2021-05-23
PR,119.4286,2021-05-23
MA,28.0,2021-05-23
MG,224.4286,2021-05-24
SP,483.1429,2021-05-24
AM,10.0,2021-05-24
CE,86.0,2021-05-24
PR,123.0,2021-05-24
MA,27.4286,2021-05-24
MG,222.7143,2021-05-25
SP,495.7143,2021-05-25
AM,8.0,2021-05-25
CE,86.8571,2021-05-25
PR,115.2857,2021-05-25
MA,28.0,2021-05-25
MG,230.4286,2021-05-26
SP,484.1429,2021-05-26
AM,7.1429,2021-05-26
CE,99.8571,2021-05-26
PR,102.5714,2021-05-26
MA,28.7143,2021-05-26
MG,223.1429,2021-05-27
SP,487.5714,2021-05-27
AM,6.8571,2021-05-27
CE,76.5714,2021-05-27
PR,109.0,2021-05-27
MA,29.1429,2021-05-27
MG,211.0,2021-05-28
SP,505.1429,2021-05-28
AM,7.7143,2021-05-28
CE,79.5714,2021-05-28
PR,113.2857,2021-05-28
MA,30.1429,2021-05-28
MG,197.7143,2021-05-29
SP,518.0,2021-05-29
AM,8.1429,2021-05-29
CE,89.8571,2021-05-29
PR,127.0,2021-05-29
MA,32.0,2021-05-29
MG,195.1429,2021-05-30
SP,527.1429,2021-05-30
AM,8.2857,2021-05-30
CE,86.0,2021-05-30
PR,127.5714,2021-05-30
MA,31.7143,2021-05-30
MG,195.5714,2021-05-31
SP,528.1429,2021-05-31
AM,8.5714,2021-05-31
CE,89.4286,2021-05-31
PR,122.5714,2021-05-31
MA,31.5714,2021-05-31
MG,197.1429,2021-06-01
SP,519.2857,2021-06-01
AM,8.7143,2021-06-01
CE,90.4286,2021-06-01
PR,138.1429,2021-06-01
MA,29.4286,2021-06-01
MG,191.4286,2021-06-02
SP,526.5714,2021-06-02
AM,9.4286,2021-06-02
CE,83.1429,2021-06-02
PR,145.4286,2021-06-02
MA,28.5714,2021-06-02
MG,198.0,2021-06-03
SP,513.0,2021-06-03
AM,9.2857,2021-06-03
CE,90.0,2021-06-03
PR,135.7143,2021-06-03
MA,27.2857,2021-06-03
MG,198.8571,2021-06-04
SP,417.2857,2021-06-04
AM,10.8571,2021-06-04
CE,75.4286,2021-06-04
PR,113.8571,2021-06-04
MA,26.4286,2021-06-04
MG,173.8571,2021-06-05
SP,438.4286,2021-06-05
AM,11.1429,2021-06-05
CE,66.1429,2021-06-05
PR,92.5714,2021-06-05
MA,25.0,2021-06-05
MG,165.4286,2021-06-06
SP,442.8571,2021-06-06
AM,10.8571,2021-06-06
CE,67.5714,2021-06-06
PR,95.5714,2021-06-06
MA,26.1429,2021-06-06
MG,168.0,2021-06-07
SP,452.5714,2021-06-07
AM,11.1429,2021-06-07
CE,66.5714,2021-06-07
PR,106.7143,2021-06-07
MA,27.2857,2021-06-07
MG,166.2857,2021-06-08
SP,442.7143,2021-06-08
AM,12.8571,2021-06-08
CE,108.8571,2021-06-08
PR,102.5714,2021-06-08
MA,29.2857,2021-06-08
MG,160.0,2021-06-09
SP,433.2857,2021-06-09
AM,13.4286,2021-06-09
CE,89.8571,2021-06-09
PR,106.4286,2021-06-09
MA,30.0,2021-06-09
MG,164.1429,2021-06-10
SP,464.5714,2021-06-10
AM,14.7143,2021-06-10
CE,77.8571,2021-06-10
PR,124.2857,2021-06-10
MA,31.1429,2021-06-10
MG,167.2857,2021-06-11
SP,552.8571,2021-06-11
AM,12.4286,2021-06-11
CE,75.4286,2021-06-11
PR,136.5714,2021-06-11
MA,32.0,2021-06-11
MG,199.0,2021-06-12
SP,527.8571,2021-06-12
AM,12.2857,2021-06-12
CE,68.0,2021-06-12
PR,152.5714,2021-06-12
MA,33.7143,2021-06-12
MG,216.2857,2021-06-13
SP,531.0,2021-06-13
AM,12.2857,2021-06-13
CE,66.4286,2021-06-13
PR,152.4286,2021-06-13
MA,34.7143,2021-06-13
MG,211.5714,2021-06-14
SP,524.4286,2021-06-14
AM,12.2857,2021-06-14
CE,74.2857,2021-06-14
PR,148.5714,2021-06-14
MA,33.7143,2021-06-14
MG,212.2857,2021-06-15
SP,543.0,2021-06-15
AM,10.8571,2021-06-15
CE,50.0,2021-06-15
PR,171.2857,2021-06-15
MA,32.8571,2021-06-15
MG,222.7143,2021-06-16
SP,563.5714,2021-06-16
AM,11.2857,2021-06-16
CE,75.2857,2021-06-16
PR,186.7143,2021-06-16
MA,31.2857,2021-06-16
MG,213.5714,2021-06-17
SP,547.2857,2021-06-17
AM,11.1429,2021-06-17
CE,74.5714,2021-06-17
PR,201.8571,2021-06-17
MA,30.7143,2021-06-17
MG,211.2857,2021-06-18
SP,556.2857,2021-06-18
AM,11.4286,2021-06-18
CE,84.0,2021-06-18
PR,250.4286,2021-06-18
MA,29.8571,2021-06-18
MG,210.7143,2021-06-19
SP,581.8571,2021-06-19
AM,11.1429,2021-06-19
CE,94.8571,2021-06-19
PR,269.8571,2021-06-19
MA,29.2857,2021-06-19
MG,201.7143,2021-06-20
SP,577.0,2021-06-20
AM,11.4286,2021-06-20
CE,100.1429,2021-06-20
PR,265.8571,2021-06-20
MA,29.2857,2021-06-20
MG,204.1429,2021-06-21
SP,577.8571,2021-06-21
AM,11.0,2021-06-21
CE,100.1429,2021-06-21
PR,261.4286,2021-06-21
MA,30.2857,2021-06-21
MG,202.4286,2021-06-22
SP,570.1429,2021-06-22
AM,11.2857,2021-06-22
CE,78.1429,2021-06-22
PR,228.5714,2021-06-22
MA,30.8571,2021-06-22
MG,211.0,2021-06-23
SP,560.0,2021-06-23
AM,9.1429,2021-06-23
CE,55.5714,2021-06-23
PR,202.8571,2021-06-23
MA,31.7143,2021-06-23
MG,204.4286,2021-06-24
SP,583.1429,2021-06-24
AM,7.4286,2021-06-24
CE,57.5714,2021-06-24
PR,162.7143,2021-06-24
MA,32.7143,2021-06-24
MG,204.2857,2021-06-25
SP,591.4286,2021-06-25
AM,7.8571,2021-06-25
CE,55.0,2021-06-25
PR,101.0,2021-06-25
MA,34.0,2021-06-25
MG,195.8571,2021-06-26
SP,565.1429,2021-06-26
AM,7.5714,2021-06-26
CE,53.8571,2021-06-26
PR,66.1429,2021-06-26
MA,32.8571,2021-06-26
MG,193.1429,2021-06-27
SP,555.7143,2021-06-27
AM,7.2857,2021-06-27
CE,51.7143,2021-06-27
PR,64.1429,2021-06-27
MA,30.4286,2021-06-27
MG,191.5714,2021-06-28
SP,550.5714,2021-06-28
AM,8.0,2021-06-28
CE,41.8571,2021-06-28
PR,59.0,2021-06-28
MA,30.4286,2021-06-28
MG,191.1429,2021-06-29
SP,548.0,2021-06-29
AM,8.2857,2021-06-29
CE,44.0,2021-06-29
PR,51.7143,2021-06-29
MA,30.2857,2021-06-29
MG,172.2857,2021-06-30
SP,550.8571,2021-06-30
AM,9.5714,2021-06-30
CE,48.2857,2021-06-30
PR,63.4286,2021-06-30
MA,28.8571,2021-06-30
MG,173.4286,2021-07-01
SP,530.8571,2021-07-01
AM,10.1429,2021-07-01
CE,46.1429,2021-07-01
PR,86.4286,2021-07-01
MA,26.7143,2021-07-01
MG,165.1429,2021-07-02
SP,506.1429,2021-07-02
AM,9.4286,2021-07-02
CE,48.5714,2021-07-02
PR,106.7143,2021-07-02
MA,25.5714,2021-07-02
MG,166.4286,2021-07-03
SP,505.2857,2021-07-03
AM,10.0,2021-07-03
CE,46.2857,2021-07-03
PR,126.7143,2021-07-03
MA,25.8571,2021-07-03
MG,170.1429,2021-07-04
SP,508.4286,2021-07-04
AM,10.1429,2021-07-04
CE,43.5714,2021-07-04
PR,139.0,2021-07-04
MA,26.4286,2021-07-04
MG,170.8571,2021-07-05
SP,509.0,2021-07-05
AM,9.5714,2021-07-05
CE,42.7143,2021-07-05
PR,154.0,2021-07-05
MA,24.5714,2021-07-05
MG,169.5714,2021-07-06
SP,493.1429,2021-07-06
AM,7.1429,2021-07-06
CE,33.8571,2021-07-06
PR,168.8571,2021-07-06
MA,23.8571,2021-07-06
MG,162.2857,2021-07-07
SP,464.8571,2021-07-07
AM,6.0,2021-07-07
CE,35.1429,2021-07-07
PR,161.7143,2021-07-07
MA,26.0,2021-07-07
MG,162.4286,2021-07-08
SP,450.8571,2021-07-08
AM,5.8571,2021-07-08
CE,40.2857,2021-07-08
PR,155.2857,2021-07-08
MA,27.2857,2021-07-08
MG,157.4286,2021-07-09
SP,434.1429,2021-07-09
AM,5.2857,2021-07-09
CE,45.1429,2021-07-09
PR,154.7143,2021-07-09
MA,26.2857,2021-07-09
MG,151.2857,2021-07-10
SP,373.1429,2021-07-10
AM,5.8571,2021-07-10
CE,41.4286,2021-07-10
PR,153.2857,2021-07-10
MA,26.1429,2021-07-10
MG,146.1429,2021-07-11
SP,361.5714,2021-07-11
AM,5.7143,2021-07-11
CE,41.0,2021-07-11
PR,149.7143,2021-07-11
MA,24.0,2021-07-11
MG,143.4286,2021-07-12
SP,361.4286,2021-07-12
AM,5.4286,2021-07-12
CE,42.8571,2021-07-12
PR,169.4286,2021-07-12
MA,24.4286,2021-07-12
MG,143.2857,2021-07-13
SP,350.8571,2021-07-13
AM,7.0,2021-07-13
CE,43.5714,2021-07-13
PR,181.5714,2021-07-13
MA,23.2857,2021-07-13
MG,138.8571,2021-07-14
SP,347.0,2021-07-14
AM,7.1429,2021-07-14
CE,38.1429,2021-07-14
PR,188.1429,2021-07-14
MA,21.8571,2021-07-14
MG,131.0,2021-07-15
SP,346.1429,2021-07-15
AM,7.4286,2021-07-15
CE,40.4286,2021-07-15
PR,186.7143,2021-07-15
MA,20.7143,2021-07-15
MG,132.1429,2021-07-16
SP,337.1429,2021-07-16
AM,7.7143,2021-07-16
CE,26.2857,2021-07-16
PR,184.5714,2021-07-16
MA,19.2857,2021-07-16
MG,132.8571,2021-07-17
SP,386.1429,2021-07-17
AM,7.2857,2021-07-17
CE,24.0,2021-07-17
PR,183.1429,2021-07-17
MA,17.0,2021-07-17
MG,124.7143,2021-07-18
SP,380.4286,2021-07-18
AM,7.4286,2021-07-18
CE,24.0,2021-07-18
PR,182.0,2021-07-18
MA,16.8571,2021-07-18
MG,123.4286,2021-07-19
SP,385.0,2021-07-19
AM,8.0,2021-07-19
CE,25.7143,2021-07-19
PR,156.8571,2021-07-19
MA,15.7143,2021-07-19
MG,124.8571,2021-07-20
SP,377.8571,2021-07-20
AM,7.2857,2021-07-20
CE,23.7143,2021-07-20
PR,135.0,2021-07-20
MA,15.8571,2021-07-20
MG,126.1429,2021-07-21
SP,372.7143,2021-07-21
AM,6.8571,2021-07-21
CE,24.4286,2021-07-21
PR,118.8571,2021-07-21
MA,16.2857,2021-07-21
MG,123.4286,2021-07-22
SP,366.4286,2021-07-22
AM,7.0,2021-07-22
CE,21.0,2021-07-22
PR,107.1429,2021-07-22
MA,15.5714,2021-07-22
MG,117.0,2021-07-23
SP,366.2857,2021-07-23
AM,6.7143,2021-07-23
CE,24.1429,2021-07-23
PR,96.8571,2021-07-23
MA,16.0,2021-07-23
MG,114.7143,2021-07-24
SP,349.0,2021-07-24
AM,6.8571,2021-07-24
CE,23.1429,2021-07-24
PR,83.4286,2021-07-24
MA,16.8571,2021-07-24
MG,122.4286,2021-07-25
SP,347.5714,2021-07-25
AM,6.8571,2021-07-25
CE,25.7143,2021-07-25
PR,81.1429,2021-07-25
MA,17.5714,2021-07-25
MG,125.8571,2021-07-26
SP,339.0,2021-07-26
AM,7.0,2021-07-26
CE,21.2857,2021-07-26
PR,98.4286,2021-07-26
MA,16.8571,2021-07-26
MG,125.1429,2021-07-27
SP,321.4286,2021-07-27
AM,7.4286,2021-07-27
CE,20.0,2021-07-27
PR,112.4286,2021-07-27
MA,16.0,2021-07-27
MG,118.0,2021-07-28
SP,304.0,2021-07-28
AM,7.8571,2021-07-28
CE,25.4286,2021-07-28
PR,126.7143,2021-07-28
MA,14.7143,2021-07-28
MG,121.1429,2021-07-29
SP,281.4286,2021-07-29
AM,7.5714,2021-07-29
CE,21.2857,2021-07-29
PR,140.8571,2021-07-29
MA,13.8571,2021-07-29
MG,120.8571,2021-07-30
SP,259.7143,2021-07-30
AM,7.8571,2021-07-30
CE,19.4286,2021-07-30
PR,139.2857,2021-07-30
MA,13.2857,2021-07-30
MG,112.2857,2021-07-31
SP,255.0,2021-07-31
AM,7.1429,2021-07-31
CE,22.1429,2021-07-31
PR,138.4286,2021-07-31
MA,12.7143,2021-07-31
MG,111.2857,2021-08-01
SP,257.5714,2021-08-01
AM,7.0,2021-08-01
CE,19.5714,2021-08-01
PR,135.7143,2021-08-01
MA,12.1429,2021-08-01
MG,108.4286,2021-08-02
SP,255.1429,2021-08-02
AM,6.2857,2021-08-02
CE,20.8571,2021-08-02
PR,110.4286,2021-08-02
MA,12.1429,2021-08-02
MG,105.4286,2021-08-03
SP,246.2857,2021-08-03
AM,6.2857,2021-08-03
CE,23.4286,2021-08-03
PR,103.1429,2021-08-03
MA,12.5714,2021-08-03
MG,106.0,2021-08-04
SP,252.7143,2021-08-04
AM,6.5714,2021-08-04
CE,14.4286,2021-08-04
PR,90.7143,2021-08-04
MA,12.7143,2021-08-04
MG,101.8571,2021-08-05
SP,242.7143,2021-08-05
AM,6.7143,2021-08-05
CE,23.5714,2021-08-05
PR,73.2857,2021-08-05
MA,13.4286,2021-08-05
MG,106.0,2021-08-06
SP,246.5714,2021-08-06
AM,6.7143,2021-08-06
CE,25.7143,2021-08-06
PR,70.4286,2021-08-06
MA,14.0,2021-08-06
MG,107.8571,2021-08-07
SP,240.1429,2021-08-07
AM,7.1429,2021-08-07
CE,24.7143,2021-08-07
PR,77.2857,2021-08-07
MA,14.1429,2021-08-07
MG,100.8571,2021-08-08
SP,245.1429,2021-08-08
AM,7.5714,2021-08-08
CE,24.7143,2021-08-08
PR,82.2857,2021-08-08
MA,14.1429,2021-08-08
MG,102.1429,2021-08-09
SP,250.0,2021-08-09
AM,7.8571,2021-08-09
CE,28.4286,2021-08-09
PR,93.2857,2021-08-09
MA,14.8571,2021-08-09
MG,103.2857,2021-08-10
SP,259.0,2021-08-10
AM,7.2857,2021-08-10
CE,25.0,2021-08-10
PR,90.0,2021-08-10
MA,14.5714,2021-08-10
MG,100.1429,2021-08-11
SP,256.2857,2021-08-11
AM,7.2857,2021-08-11
CE,29.8571,2021-08-11
PR,78.7143,2021-08-11
MA,14.1429,2021-08-11
MG,96.5714,2021-08-12
SP,260.4286,2021-08-12
AM,7.2857,2021-08-12
CE,18.0,2021-08-12
PR,82.5714,2021-08-12
MA,14.0,2021-08-12
MG,93.7143,2021-08-13
SP,253.0,2021-08-13
AM,7.4286,2021-08-13
CE,15.7143,2021-08-13
PR,95.0,2021-08-13
MA,13.4286,2021-08-13
