key,value,date
MG,0,2020-02-25
SP,1,2020-02-25
AM,0,2020-02-25
CE,0,2020-02-25
PR,0,2020-02-25
MA,0,2020-02-25
MG,0,2020-02-26
SP,0,2020-02-26
AM,0,2020-02-26
CE,0,2020-02-26
PR,0,2020-02-26
MA,0,2020-02-26
MG,0,2020-02-27
SP,0,2020-02-27
AM,0,2020-02-27
CE,0,2020-02-27
PR,0,2020-02-27
MA,0,2020-02-27
MG,0,2020-02-28
SP,1,2020-02-28
AM,0,2020-02-28
CE,0,2020-02-28
PR,0,2020-02-28
MA,0,2020-02-28
MG,0,2020-02-29
SP,0,2020-02-29
AM,0,2020-02-29
CE,0,2020-02-29
PR,0,2020-02-29
MA,0,2020-02-29
MG,0,2020-03-01
SP,0,2020-03-01
AM,0,2020-03-01
CE,0,2020-03-01
PR,0,2020-03-01
MA,0,2020-03-01
MG,0,2020-03-02
SP,0,2020-03-02
AM,0,2020-03-02
CE,0,2020-03-02
PR,0,2020-03-02
MA,0,2020-03-02
MG,0,2020-03-03
SP,0,2020-03-03
AM,0,2020-03-03
CE,0,2020-03-03
PR,0,2020-03-03
MA,0,2020-03-03
MG,0,2020-03-04
SP,1,2020-03-04
AM,0,2020-03-04
CE,0,2020-03-04
PR,0,2020-03-04
MA,0,2020-03-04
MG,0,2020-03-05
SP,3,2020-03-05
AM,0,2020-03-05
CE,0,2020-03-05
PR,0,2020-03-05
MA,0,2020-03-05
MG,0,2020-03-06
SP,4,2020-03-06
AM,0,2020-03-06
CE,0,2020-03-06
PR,0,2020-03-06
MA,0,2020-03-06
MG,0,2020-03-07
SP,3,2020-03-07
AM,0,2020-03-07
CE,0,2020-03-07
PR,0,2020-03-07
MA,0,2020-03-07
MG,1,2020-03-08
SP,3,2020-03-08
AM,0,2020-03-08
CE,0,2020-03-08
PR,0,2020-03-08
MA,0,2020-03-08
MG,0,2020-03-09
SP,0,2020-03-09
AM,0,2020-03-09
CE,0,2020-03-09
PR,0,2020-03-09
MA,0,2020-03-09
MG,0,2020-03-10
SP,3,2020-03-10
AM,0,2020-03-10
CE,0,2020-03-10
PR,0,2020-03-10
MA,0,2020-03-10
MG,0,2020-03-11
SP,11,2020-03-11
AM,0,2020-03-11
CE,0,2020-03-11
PR,0,2020-03-11
MA,0,2020-03-11
MG,1,2020-03-12
SP,16,2020-03-12
AM,0,2020-03-12
CE,0,2020-03-12
PR,6,2020-03-12
MA,0,2020-03-12
MG,0,2020-03-13
SP,10,2020-03-13
AM,2,2020-03-13
CE,0,2020-03-13
PR,0,2020-03-13
MA,0,2020-03-13
MG,2,2020-03-14
SP,9,2020-03-14
AM,0,2020-03-14
CE,0,2020-03-14
PR,0,2020-03-14
MA,0,2020-03-14
MG,0,2020-03-15
SP,71,2020-03-15
AM,0,2020-03-15
CE,0,2020-03-15
PR,0,2020-03-15
MA,0,2020-03-15
MG,2,2020-03-16
SP,16,2020-03-16
AM,0,2020-03-16
CE,9,2020-03-16
PR,0,2020-03-16
MA,0,2020-03-16
MG,8,2020-03-17
SP,12,2020-03-17
AM,0,2020-03-17
CE,1,2020-03-17
PR,6,2020-03-17
MA,0,2020-03-17
MG,5,2020-03-18
SP,77,2020-03-18
AM,0,2020-03-18
CE,9,2020-03-18
PR,3,2020-03-18
MA,0,2020-03-18
MG,10,2020-03-19
SP,45,2020-03-19
AM,1,2020-03-19
CE,5,2020-03-19
PR,9,2020-03-19
MA,0,2020-03-19
MG,9,2020-03-20
SP,110,2020-03-20
AM,4,2020-03-20
CE,44,2020-03-20
PR,13,2020-03-20
MA,1,2020-03-20
MG,17,2020-03-21
SP,63,2020-03-21
AM,4,2020-03-21
CE,16,2020-03-21
PR,7,2020-03-21
MA,1,2020-03-21
MG,28,2020-03-22
SP,172,2020-03-22
AM,15,2020-03-22
CE,41,2020-03-22
PR,10,2020-03-22
MA,0,2020-03-22
MG,45,2020-03-23
SP,114,2020-03-23
AM,6,2020-03-23
CE,39,2020-03-23
PR,6,2020-03-23
MA,6,2020-03-23
MG,2,2020-03-24
SP,65,2020-03-24
AM,15,2020-03-24
CE,21,2020-03-24
PR,10,2020-03-24
MA,0,2020-03-24
MG,3,2020-03-25
SP,52,2020-03-25
AM,7,2020-03-25
CE,26,2020-03-25
PR,27,2020-03-25
MA,0,2020-03-25
MG,20,2020-03-26
SP,191,2020-03-26
AM,13,2020-03-26
CE,26,2020-03-26
PR,9,2020-03-26
MA,2,2020-03-26
MG,36,2020-03-27
SP,170,2020-03-27
AM,14,2020-03-27
CE,45,2020-03-27
PR,19,2020-03-27
MA,3,2020-03-27
MG,16,2020-03-28
SP,183,2020-03-28
AM,30,2020-03-28
CE,40,2020-03-28
PR,12,2020-03-28
MA,2,2020-03-28
MG,26,2020-03-29
SP,45,2020-03-29
AM,29,2020-03-29
CE,37,2020-03-29
PR,15,2020-03-29
MA,6,2020-03-29
MG,30,2020-03-30
SP,66,2020-03-30
AM,11,2020-03-30
CE,23,2020-03-30
PR,8,2020-03-30
MA,9,2020-03-30
MG,14,2020-03-31
SP,822,2020-03-31
AM,24,2020-03-31
CE,19,2020-03-31
PR,25,2020-03-31
MA,21,2020-03-31
MG,39,2020-04-01
SP,642,2020-04-01
AM,25,2020-04-01
CE,44,2020-04-01
PR,44,2020-04-01
MA,19,2020-04-01
MG,56,2020-04-02
SP,525,2020-04-02
AM,29,2020-04-02
CE,120,2020-04-02
PR,29,2020-04-02
MA,10,2020-04-02
MG,27,2020-04-03
SP,542,2020-04-03
AM,31,2020-04-03
CE,93,2020-04-03
PR,49,2020-04-03
MA,7,2020-04-03
MG,33,2020-04-04
SP,418,2020-04-04
AM,51,2020-04-04
CE,87,2020-04-04
PR,94,2020-04-04
MA,8,2020-04-04
MG,68,2020-04-05
SP,154,2020-04-05
AM,106,2020-04-05
CE,218,2020-04-05
PR,44,2020-04-05
MA,37,2020-04-05
MG,27,2020-04-06
SP,246,2020-04-06
AM,115,2020-04-06
CE,83,2020-04-06
PR,21,2020-04-06
MA,39,2020-04-06
MG,34,2020-04-07
SP,816,2020-04-07
AM,104,2020-04-07
CE,143,2020-04-07
PR,45,2020-04-07
MA,58,2020-04-07
MG,55,2020-04-08
SP,1026,2020-04-08
AM,168,2020-04-08
CE,205,2020-04-08
PR,39,2020-04-08
MA,43,2020-04-08
MG,41,2020-04-09
SP,772,2020-04-09
AM,95,2020-04-09
CE,51,2020-04-09
PR,71,2020-04-09
MA,21,2020-04-09
MG,43,2020-04-10
SP,736,2020-04-10
AM,82,2020-04-10
CE,113,2020-04-10
PR,34,2020-04-10
MA,51,2020-04-10
MG,52,2020-04-11
SP,203,2020-04-11
AM,69,2020-04-11
CE,110,2020-04-11
PR,33,2020-04-11
MA,54,2020-04-11
MG,56,2020-04-12
SP,336,2020-04-12
AM,156,2020-04-12
CE,79,2020-04-12
PR,62,2020-04-12
MA,47,2020-04-12
MG,9,2020-04-13
SP,140,2020-04-13
AM,69,2020-04-13
CE,189,2020-04-13
PR,18,2020-04-13
MA,33,2020-04-13
MG,69,2020-04-14
SP,476,2020-04-14
AM,209,2020-04-14
CE,136,2020-04-14
PR,35,2020-04-14
MA,152,2020-04-14
MG,19,2020-04-15
SP,1672,2020-04-15
AM,70,2020-04-15
CE,220,2020-04-15
PR,13,2020-04-15
MA,65,2020-04-15
MG,55,2020-04-16
SP,525,2020-04-16
AM,165,2020-04-16
CE,120,2020-04-16
PR,29,2020-04-16
MA,102,2020-04-16
MG,63,2020-04-17
SP,1273,2020-04-17
AM,90,2020-04-17
CE,335,2020-04-17
PR,42,2020-04-17
MA,243,2020-04-17
MG,56,2020-04-18
SP,1053,2020-04-18
AM,88,2020-04-18
CE,315,2020-04-18
PR,73,2020-04-18
MA,165,2020-04-18
MG,77,2020-04-19
SP,373,2020-04-19
AM,147,2020-04-19
CE,246,2020-04-19
PR,42,2020-04-19
MA,115,2020-04-19
MG,35,2020-04-20
SP,313,2020-04-20
AM,116,2020-04-20
CE,179,2020-04-20
PR,20,2020-04-20
MA,90,2020-04-20
MG,41,2020-04-21
SP,805,2020-04-21
AM,110,2020-04-21
CE,229,2020-04-21
PR,17,2020-04-21
MA,194,2020-04-21
MG,53,2020-04-22
SP,529,2020-04-22
AM,209,2020-04-22
CE,400,2020-04-22
PR,38,2020-04-22
MA,153,2020-04-22
MG,25,2020-04-23
SP,826,2020-04-23
AM,409,2020-04-23
CE,586,2020-04-23
PR,19,2020-04-23
MA,194,2020-04-23
MG,111,2020-04-24
SP,1086,2020-04-24
AM,306,2020-04-24
CE,419,2020-04-24
PR,37,2020-04-24
MA,154,2020-04-24
MG,62,2020-04-25
SP,2178,2020-04-25
AM,441,2020-04-25
CE,546,2020-04-25
PR,22,2020-04-25
MA,118,2020-04-25
MG,67,2020-04-26
SP,711,2020-04-26
AM,198,2020-04-26
CE,593,2020-04-26
PR,16,2020-04-26
MA,187,2020-04-26
MG,38,2020-04-27
SP,981,2020-04-27
AM,95,2020-04-27
CE,523,2020-04-27
PR,30,2020-04-27
MA,118,2020-04-27
MG,63,2020-04-28
SP,2345,2020-04-28
AM,409,2020-04-28
CE,202,2020-04-28
PR,85,2020-04-28
MA,276,2020-04-28
MG,109,2020-04-29
SP,2117,2020-04-29
AM,464,2020-04-29
CE,426,2020-04-29
PR,78,2020-04-29
MA,386,2020-04-29
MG,69,2020-04-30
SP,2540,2020-04-30
AM,453,2020-04-30
CE,450,2020-04-30
PR,59,2020-04-30
MA,316,2020-04-30
MG,108,2020-05-01
SP,1676,2020-05-01
AM,469,2020-05-01
CE,139,2020-05-01
PR,41,2020-05-01
MA,299,2020-05-01
MG,88,2020-05-02
SP,800,2020-05-02
AM,339,2020-05-02
CE,309,2020-05-02
PR,46,2020-05-02
MA,235,2020-05-02
MG,95,2020-05-03
SP,598,2020-05-03
AM,621,2020-05-03
CE,70,2020-05-03
PR,23,2020-05-03
MA,187,2020-05-03
MG,229,2020-05-04
SP,415,2020-05-04
AM,630,2020-05-04
CE,2661,2020-05-04
PR,48,2020-05-04
MA,303,2020-05-04
MG,105,2020-05-05
SP,1866,2020-05-05
AM,796,2020-05-05
CE,430,2020-05-05
PR,27,2020-05-05
MA,498,2020-05-05
MG,153,2020-05-06
SP,3800,2020-05-06
AM,1134,2020-05-06
CE,840,2020-05-06
PR,39,2020-05-06
MA,361,2020-05-06
MG,165,2020-05-07
SP,2075,2020-05-07
AM,856,2020-05-07
CE,1578,2020-05-07
PR,31,2020-05-07
MA,520,2020-05-07
MG,173,2020-05-08
SP,1902,2020-05-08
AM,628,2020-05-08
CE,1246,2020-05-08
PR,56,2020-05-08
MA,856,2020-05-08
MG,180,2020-05-09
SP,2581,2020-05-09
AM,1198,2020-05-09
CE,745,2020-05-09
PR,75,2020-05-09
MA,834,2020-05-09
MG,114,2020-05-10
SP,1033,2020-05-10
AM,674,2020-05-10
CE,813,2020-05-10
PR,50,2020-05-10
MA,545,2020-05-10
MG,83,2020-05-11
SP,687,2020-05-11
AM,320,2020-05-11
CE,907,2020-05-11
PR,14,2020-05-11
MA,382,2020-05-11
MG,115,2020-05-12
SP,1588,2020-05-12
AM,1249,2020-05-12
CE,813,2020-05-12
PR,57,2020-05-12
MA,586,2020-05-12
MG,298,2020-05-13
SP,3378,2020-05-13
AM,1648,2020-05-13
CE,744,2020-05-13
PR,93,2020-05-13
MA,689,2020-05-13
MG,217,2020-05-14
SP,3189,2020-05-14
AM,1365,2020-05-14
CE,1921,2020-05-14
PR,68,2020-05-14
MA,938,2020-05-14
MG,246,2020-05-15
SP,4092,2020-05-15
AM,1211,2020-05-15
CE,1982,2020-05-15
PR,76,2020-05-15
MA,853,2020-05-15
MG,278,2020-05-16
SP,2805,2020-05-16
AM,1285,2020-05-16
CE,736,2020-05-16
PR,105,2020-05-16
MA,900,2020-05-16
MG,137,2020-05-17
SP,1162,2020-05-17
AM,651,2020-05-17
CE,460,2020-05-17
PR,44,2020-05-17
MA,746,2020-05-17
MG,84,2020-05-18
SP,721,2020-05-18
AM,585,2020-05-18
CE,2108,2020-05-18
PR,74,2020-05-18
MA,960,2020-05-18
MG,282,2020-05-19
SP,2929,2020-05-19
AM,1219,2020-05-19
CE,1749,2020-05-19
PR,129,2020-05-19
MA,916,2020-05-19
MG,309,2020-05-20
SP,3864,2020-05-20
AM,1572,2020-05-20
CE,2448,2020-05-20
PR,137,2020-05-20
MA,944,2020-05-20
MG,310,2020-05-21
SP,3880,2020-05-21
AM,1663,2020-05-21
CE,853,2020-05-21
PR,199,2020-05-21
MA,1154,2020-05-21
MG,399,2020-05-22
SP,3132,2020-05-22
AM,1671,2020-05-22
CE,3160,2020-05-22
PR,130,2020-05-22
MA,1555,2020-05-22
MG,343,2020-05-23
SP,3687,2020-05-23
AM,1764,2020-05-23
CE,549,2020-05-23
PR,162,2020-05-23
MA,2424,2020-05-23
MG,330,2020-05-24
SP,1603,2020-05-24
AM,1065,2020-05-24
CE,473,2020-05-24
PR,113,2020-05-24
MA,1595,2020-05-24
MG,294,2020-05-25
SP,1464,2020-05-25
AM,415,2020-05-25
CE,590,2020-05-25
PR,124,2020-05-25
MA,1492,2020-05-25
MG,554,2020-05-26
SP,2392,2020-05-26
AM,1667,2020-05-26
CE,836,2020-05-26
PR,183,2020-05-26
MA,1867,2020-05-26
MG,495,2020-05-27
SP,3466,2020-05-27
AM,1559,2020-05-27
CE,254,2020-05-27
PR,201,2020-05-27
MA,1834,2020-05-27
MG,675,2020-05-28
SP,6382,2020-05-28
AM,2638,2020-05-28
CE,546,2020-05-28
PR,273,2020-05-28
MA,2503,2020-05-28
MG,546,2020-05-29
SP,5691,2020-05-29
AM,2763,2020-05-29
CE,574,2020-05-29
PR,259,2020-05-29
MA,2138,2020-05-29
MG,398,2020-05-30
SP,5586,2020-05-30
AM,1651,2020-05-30
CE,9427,2020-05-30
PR,238,2020-05-30
MA,2019,2020-05-30
MG,834,2020-05-31
SP,2556,2020-05-31
AM,818,2020-05-31
CE,667,2020-05-31
PR,214,2020-05-31
MA,658,2020-05-31
MG,206,2020-06-01
SP,1598,2020-06-01
AM,396,2020-06-01
CE,2015,2020-06-01
PR,148,2020-06-01
MA,1328,2020-06-01
MG,269,2020-06-02
SP,6999,2020-06-02
AM,1421,2020-06-02
CE,4179,2020-06-02
PR,335,2020-06-02
MA,1549,2020-06-02
MG,1071,2020-06-03
SP,5188,2020-06-03
AM,1152,2020-06-03
CE,1373,2020-06-03
PR,332,2020-06-03
MA,2455,2020-06-03
MG,1024,2020-06-04
SP,5717,2020-06-04
AM,2126,2020-06-04
CE,3739,2020-06-04
PR,328,2020-06-04
MA,2684,2020-06-04
MG,961,2020-06-05
SP,5365,2020-06-05
AM,1193,2020-06-05
CE,2381,2020-06-05
PR,539,2020-06-05
MA,2157,2020-06-05
MG,944,2020-06-06
SP,5984,2020-06-06
AM,1119,2020-06-06
CE,1399,2020-06-06
PR,259,2020-06-06
MA,2123,2020-06-06
MG,764,2020-06-07
SP,2524,2020-06-07
AM,484,2020-06-07
CE,696,2020-06-07
PR,294,2020-06-07
MA,944,2020-06-07
MG,180,2020-06-08
SP,1520,2020-06-08
AM,548,2020-06-08
CE,1947,2020-06-08
PR,134,2020-06-08
MA,834,2020-06-08
MG,219,2020-06-09
SP,5545,2020-06-09
AM,1417,2020-06-09
CE,2805,2020-06-09
PR,289,2020-06-09
MA,2698,2020-06-09
MG,1399,2020-06-10
SP,6178,2020-06-10
AM,1615,2020-06-10
CE,2924,2020-06-10
PR,524,2020-06-10
MA,1439,2020-06-10
MG,947,2020-06-11
SP,6204,2020-06-11
AM,1140,2020-06-11
CE,2745,2020-06-11
PR,635,2020-06-11
MA,2172,2020-06-11
MG,1658,2020-06-12
SP,5380,2020-06-12
AM,1122,2020-06-12
CE,1092,2020-06-12
PR,249,2020-06-12
MA,1925,2020-06-12
MG,508,2020-06-13
SP,4975,2020-06-13
AM,915,2020-06-13
CE,645,2020-06-13
PR,535,2020-06-13
MA,1254,2020-06-13
MG,767,2020-06-14
SP,5327,2020-06-14
AM,480,2020-06-14
CE,404,2020-06-14
PR,353,2020-06-14
MA,991,2020-06-14
MG,347,2020-06-15
SP,3258,2020-06-15
AM,271,2020-06-15
CE,3020,2020-06-15
PR,133,2020-06-15
MA,742,2020-06-15
MG,296,2020-06-16
SP,8825,2020-06-16
AM,1241,2020-06-16
CE,2316,2020-06-16
PR,851,2020-06-16
MA,2119,2020-06-16
MG,1323,2020-06-17
SP,1232,2020-06-17
AM,1529,2020-06-17
CE,3437,2020-06-17
PR,535,2020-06-17
MA,2024,2020-06-17
MG,1559,2020-06-18
SP,1111,2020-06-18
AM,1189,2020-06-18
CE,2526,2020-06-18
PR,834,2020-06-18
MA,1356,2020-06-18
MG,1146,2020-06-19
SP,19030,2020-06-19
AM,947,2020-06-19
CE,2309,2020-06-19
PR,873,2020-06-19
MA,2409,2020-06-19
MG,1253,2020-06-20
SP,4135,2020-06-20
AM,1219,2020-06-20
CE,1956,2020-06-20
PR,889,2020-06-20
MA,1173,2020-06-20
MG,336,2020-06-21
SP,3392,2020-06-21
AM,508,2020-06-21
CE,469,2020-06-21
PR,680,2020-06-21
MA,386,2020-06-21
MG,1277,2020-06-22
SP,2788,2020-06-22
AM,321,2020-06-22
CE,1842,2020-06-22
PR,623,2020-06-22
MA,630,2020-06-22
MG,979,2020-06-23
SP,7502,2020-06-23
AM,1342,2020-06-23
CE,3347,2020-06-23
PR,729,2020-06-23
MA,1332,2020-06-23
MG,1446,2020-06-24
SP,9347,2020-06-24
AM,1691,2020-06-24
CE,1523,2020-06-24
PR,1110,2020-06-24
MA,1293,2020-06-24
MG,1426,2020-06-25
SP,9765,2020-06-25
AM,503,2020-06-25
CE,3540,2020-06-25
PR,859,2020-06-25
MA,1611,2020-06-25
MG,6122,2020-06-26
SP,9921,2020-06-26
AM,953,2020-06-26
CE,2152,2020-06-26
PR,850,2020-06-26
MA,1773,2020-06-26
MG,2075,2020-06-27
SP,7073,2020-06-27
AM,802,2020-06-27
CE,1794,2020-06-27
PR,1147,2020-06-27
MA,1417,2020-06-27
MG,1775,2020-06-28
SP,6156,2020-06-28
AM,627,2020-06-28
CE,529,2020-06-28
PR,923,2020-06-28
MA,397,2020-06-28
MG,1123,2020-06-29
SP,3408,2020-06-29
AM,244,2020-06-29
CE,632,2020-06-29
PR,584,2020-06-29
MA,457,2020-06-29
MG,1137,2020-06-30
SP,6235,2020-06-30
AM,930,2020-06-30
CE,2258,2020-06-30
PR,1551,2020-06-30
MA,1482,2020-06-30
MG,2583,2020-07-01
SP,8555,2020-07-01
AM,1461,2020-07-01
CE,3555,2020-07-01
PR,1348,2020-07-01
MA,2805,2020-07-01
MG,3123,2020-07-02
SP,12244,2020-07-02
AM,1246,2020-07-02
CE,2481,2020-07-02
PR,2079,2020-07-02
MA,2769,2020-07-02
MG,2644,2020-07-03
SP,8523,2020-07-03
AM,1007,2020-07-03
CE,1792,2020-07-03
PR,1863,2020-07-03
MA,2189,2020-07-03
MG,2607,2020-07-04
SP,1828,2020-07-04
AM,1408,2020-07-04
CE,3153,2020-07-04
PR,2404,2020-07-04
MA,843,2020-07-04
MG,2325,2020-07-05
SP,7649,2020-07-05
AM,69,2020-07-05
CE,522,2020-07-05
PR,889,2020-07-05
MA,657,2020-07-05
MG,1343,2020-07-06
SP,2891,2020-07-06
AM,413,2020-07-06
CE,1408,2020-07-06
PR,1310,2020-07-06
MA,537,2020-07-06
MG,1271,2020-07-07
SP,9638,2020-07-07
AM,2740,2020-07-07
CE,2748,2020-07-07
PR,1539,2020-07-07
MA,1837,2020-07-07
MG,3138,2020-07-08
SP,8657,2020-07-08
AM,915,2020-07-08
CE,3456,2020-07-08
PR,1406,2020-07-08
MA,851,2020-07-08
MG,2829,2020-07-09
SP,8350,2020-07-09
AM,1236,2020-07-09
CE,1726,2020-07-09
PR,1709,2020-07-09
MA,2384,2020-07-09
MG,3222,2020-07-10
SP,9395,2020-07-10
AM,1189,2020-07-10
CE,3286,2020-07-10
PR,2088,2020-07-10
MA,1395,2020-07-10
MG,3727,2020-07-11
SP,7780,2020-07-11
AM,723,2020-07-11
CE,1391,2020-07-11
PR,1285,2020-07-11
MA,1680,2020-07-11
MG,2038,2020-07-12
SP,5107,2020-07-12
AM,296,2020-07-12
CE,789,2020-07-12
PR,1740,2020-07-12
MA,554,2020-07-12
MG,971,2020-07-13
SP,2610,2020-07-13
AM,886,2020-07-13
CE,444,2020-07-13
PR,1045,2020-07-13
MA,878,2020-07-13
MG,1821,2020-07-14
SP,12000,2020-07-14
AM,1388,2020-07-14
CE,2203,2020-07-14
PR,1781,2020-07-14
MA,1637,2020-07-14
MG,3367,2020-07-15
SP,6569,2020-07-15
AM,1144,2020-07-15
CE,2395,2020-07-15
PR,1761,2020-07-15
MA,1002,2020-07-15
MG,2460,2020-07-16
SP,8872,2020-07-16
AM,1081,2020-07-16
CE,2226,2020-07-16
PR,2281,2020-07-16
MA,1657,2020-07-16
MG,2801,2020-07-17
SP,5367,2020-07-17
AM,797,2020-07-17
CE,2006,2020-07-17
PR,1916,2020-07-17
MA,1057,2020-07-17
MG,3604,2020-07-18
SP,4612,2020-07-18
AM,1712,2020-07-18
CE,908,2020-07-18
PR,2232,2020-07-18
MA,909,2020-07-18
MG,2097,2020-07-19
SP,3022,2020-07-19
AM,379,2020-07-19
CE,406,2020-07-19
PR,1076,2020-07-19
MA,233,2020-07-19
MG,1160,2020-07-20
SP,1385,2020-07-20
AM,476,2020-07-20
CE,440,2020-07-20
PR,1280,2020-07-20
MA,581,2020-07-20
MG,1434,2020-07-21
SP,6235,2020-07-21
AM,775,2020-07-21
CE,3254,2020-07-21
PR,1629,2020-07-21
MA,1248,2020-07-21
MG,3175,2020-07-22
SP,16777,2020-07-22
AM,557,2020-07-22
CE,3309,2020-07-22
PR,2389,2020-07-22
MA,1577,2020-07-22
MG,3827,2020-07-23
SP,12561,2020-07-23
AM,1498,2020-07-23
CE,1884,2020-07-23
PR,2077,2020-07-23
MA,1757,2020-07-23
MG,4244,2020-07-24
SP,11211,2020-07-24
AM,1205,2020-07-24
CE,3688,2020-07-24
PR,2255,2020-07-24
MA,1195,2020-07-24
MG,3281,2020-07-25
SP,16263,2020-07-25
AM,670,2020-07-25
CE,1891,2020-07-25
PR,1334,2020-07-25
MA,880,2020-07-25
MG,2478,2020-07-26
SP,4501,2020-07-26
AM,369,2020-07-26
CE,242,2020-07-26
PR,1627,2020-07-26
MA,328,2020-07-26
MG,1147,2020-07-27
SP,3672,2020-07-27
AM,616,2020-07-27
CE,343,2020-07-27
PR,781,2020-07-27
MA,694,2020-07-27
MG,2927,2020-07-28
SP,12647,2020-07-28
AM,1039,2020-07-28
CE,3274,2020-07-28
PR,1392,2020-07-28
MA,1403,2020-07-28
MG,2749,2020-07-29
SP,13896,2020-07-29
AM,975,2020-07-29
CE,3435,2020-07-29
PR,1527,2020-07-29
MA,1706,2020-07-29
MG,4021,2020-07-30
SP,14809,2020-07-30
AM,1047,2020-07-30
CE,2427,2020-07-30
PR,2568,2020-07-30
MA,1568,2020-07-30
MG,3691,2020-07-31
SP,13298,2020-07-31
AM,800,2020-07-31
CE,3097,2020-07-31
PR,2624,2020-07-31
MA,1399,2020-07-31
MG,2879,2020-08-01
SP,10014,2020-08-01
AM,837,2020-08-01
CE,1709,2020-08-01
PR,1818,2020-08-01
MA,920,2020-08-01
MG,2816,2020-08-02
SP,6367,2020-08-02
AM,347,2020-08-02
CE,402,2020-08-02
PR,1675,2020-08-02
MA,372,2020-08-02
MG,942,2020-08-03
SP,1533,2020-08-03
AM,262,2020-08-03
CE,199,2020-08-03
PR,1260,2020-08-03
MA,529,2020-08-03
MG,1985,2020-08-04
SP,15371,2020-08-04
AM,883,2020-08-04
CE,3004,2020-08-04
PR,1853,2020-08-04
MA,1405,2020-08-04
MG,3933,2020-08-05
SP,9676,2020-08-05
AM,981,2020-08-05
CE,2477,2020-08-05
PR,2599,2020-08-05
MA,1572,2020-08-05
MG,3167,2020-08-06
SP,13405,2020-08-06
AM,804,2020-08-06
CE,1647,2020-08-06
PR,1952,2020-08-06
MA,1606,2020-08-06
MG,4495,2020-08-07
SP,9709,2020-08-07
AM,803,2020-08-07
CE,2463,2020-08-07
PR,2697,2020-08-07
MA,1781,2020-08-07
MG,3400,2020-08-08
SP,13352,2020-08-08
AM,571,2020-08-08
CE,1726,2020-08-08
PR,1161,2020-08-08
MA,854,2020-08-08
MG,3204,2020-08-09
SP,5395,2020-08-09
AM,522,2020-08-09
CE,349,2020-08-09
PR,1739,2020-08-09
MA,436,2020-08-09
MG,1148,2020-08-10
SP,1289,2020-08-10
AM,247,2020-08-10
CE,385,2020-08-10
PR,1507,2020-08-10
MA,430,2020-08-10
MG,1476,2020-08-11
SP,11147,2020-08-11
AM,908,2020-08-11
CE,2517,2020-08-11
PR,1570,2020-08-11
MA,1494,2020-08-11
MG,3934,2020-08-12
SP,15619,2020-08-12
AM,815,2020-08-12
CE,1112,2020-08-12
PR,1842,2020-08-12
MA,1205,2020-08-12
MG,4430,2020-08-13
SP,19274,2020-08-13
AM,882,2020-08-13
CE,2646,2020-08-13
PR,1882,2020-08-13
MA,928,2020-08-13
MG,3513,2020-08-14
SP,11667,2020-08-14
AM,975,2020-08-14
CE,1369,2020-08-14
PR,2177,2020-08-14
MA,1131,2020-08-14
MG,3086,2020-08-15
SP,11408,2020-08-15
AM,464,2020-08-15
CE,714,2020-08-15
PR,1927,2020-08-15
MA,956,2020-08-15
MG,2888,2020-08-16
SP,1963,2020-08-16
AM,671,2020-08-16
CE,310,2020-08-16
PR,1335,2020-08-16
MA,573,2020-08-16
MG,1313,2020-08-17
SP,3172,2020-08-17
AM,351,2020-08-17
CE,561,2020-08-17
PR,1273,2020-08-17
MA,555,2020-08-17
MG,2072,2020-08-18
SP,8865,2020-08-18
AM,618,2020-08-18
CE,1576,2020-08-18
PR,1858,2020-08-18
MA,1777,2020-08-18
MG,3371,2020-08-19
SP,9847,2020-08-19
AM,711,2020-08-19
CE,1373,2020-08-19
PR,1659,2020-08-19
MA,1386,2020-08-19
MG,3904,2020-08-20
SP,9451,2020-08-20
AM,743,2020-08-20
CE,1221,2020-08-20
PR,2349,2020-08-20
MA,1289,2020-08-20
MG,3561,2020-08-21
SP,5132,2020-08-21
AM,457,2020-08-21
CE,577,2020-08-21
PR,2343,2020-08-21
MA,1243,2020-08-21
MG,2884,2020-08-22
SP,13284,2020-08-22
AM,577,2020-08-22
CE,1932,2020-08-22
PR,2260,2020-08-22
MA,770,2020-08-22
MG,3107,2020-08-23
SP,4885,2020-08-23
AM,246,2020-08-23
CE,510,2020-08-23
PR,1111,2020-08-23
MA,527,2020-08-23
MG,1306,2020-08-24
SP,2351,2020-08-24
AM,177,2020-08-24
CE,434,2020-08-24
PR,1045,2020-08-24
MA,495,2020-08-24
MG,2816,2020-08-25
SP,9190,2020-08-25
AM,787,2020-08-25
CE,1756,2020-08-25
PR,1533,2020-08-25
MA,1026,2020-08-25
MG,3237,2020-08-26
SP,10465,2020-08-26
AM,833,2020-08-26
CE,1732,2020-08-26
PR,1704,2020-08-26
MA,1755,2020-08-26
MG,3969,2020-08-27
SP,8318,2020-08-27
AM,671,2020-08-27
CE,1690,2020-08-27
PR,1833,2020-08-27
MA,1247,2020-08-27
MG,3523,2020-08-28
SP,11756,2020-08-28
AM,761,2020-08-28
CE,2185,2020-08-28
PR,2890,2020-08-28
MA,1221,2020-08-28
MG,3100,2020-08-29
SP,5213,2020-08-29
AM,1015,2020-08-29
CE,856,2020-08-29
PR,2003,2020-08-29
MA,751,2020-08-29
MG,2485,2020-08-30
SP,1982,2020-08-30
AM,201,2020-08-30
CE,363,2020-08-30
PR,1636,2020-08-30
MA,317,2020-08-30
MG,1507,2020-08-31
SP,938,2020-08-31
AM,236,2020-08-31
CE,496,2020-08-31
PR,1303,2020-08-31
MA,403,2020-08-31
MG,2224,2020-09-01
SP,10033,2020-09-01
AM,623,2020-09-01
CE,2342,2020-09-01
PR,1668,2020-09-01
MA,1066,2020-09-01
MG,3267,2020-09-02
SP,11956,2020-09-02
AM,874,2020-09-02
CE,1119,2020-09-02
PR,2035,2020-09-02
MA,1787,2020-09-02
MG,2939,2020-09-03
SP,11647,2020-09-03
AM,727,2020-09-03
CE,1626,2020-09-03
PR,2256,2020-09-03
MA,1249,2020-09-03
MG,3026,2020-09-04
SP,7038,2020-09-04
AM,667,2020-09-04
CE,2065,2020-09-04
PR,1915,2020-09-04
MA,1335,2020-09-04
MG,3865,2020-09-05
SP,8069,2020-09-05
AM,539,2020-09-05
CE,74,2020-09-05
PR,1868,2020-09-05
MA,792,2020-09-05
MG,2926,2020-09-06
SP,2637,2020-09-06
AM,85,2020-09-06
CE,233,2020-09-06
PR,1426,2020-09-06
MA,206,2020-09-06
MG,1208,2020-09-07
SP,1608,2020-09-07
AM,94,2020-09-07
CE,61,2020-09-07
PR,779,2020-09-07
MA,260,2020-09-07
MG,651,2020-09-08
SP,1453,2020-09-08
AM,318,2020-09-08
CE,411,2020-09-08
PR,1404,2020-09-08
MA,853,2020-09-08
MG,1852,2020-09-09
SP,7793,2020-09-09
AM,736,2020-09-09
CE,979,2020-09-09
PR,1076,2020-09-09
MA,1076,2020-09-09
MG,4018,2020-09-10
SP,8178,2020-09-10
AM,701,2020-09-10
CE,984,2020-09-10
PR,2000,2020-09-10
MA,729,2020-09-10
MG,3616,2020-09-11
SP,8055,2020-09-11
AM,763,2020-09-11
CE,1174,2020-09-11
PR,2335,2020-09-11
MA,1026,2020-09-11
MG,4041,2020-09-12
SP,7881,2020-09-12
AM,516,2020-09-12
CE,1054,2020-09-12
PR,2245,2020-09-12
MA,482,2020-09-12
MG,2073,2020-09-13
SP,1567,2020-09-13
AM,193,2020-09-13
CE,374,2020-09-13
PR,1258,2020-09-13
MA,107,2020-09-13
MG,1734,2020-09-14
SP,1092,2020-09-14
AM,275,2020-09-14
CE,350,2020-09-14
PR,649,2020-09-14
MA,415,2020-09-14
MG,1609,2020-09-15
SP,7922,2020-09-15
AM,743,2020-09-15
CE,1451,2020-09-15
PR,1000,2020-09-15
MA,804,2020-09-15
MG,2989,2020-09-16
SP,8157,2020-09-16
AM,701,2020-09-16
CE,1156,2020-09-16
PR,1510,2020-09-16
MA,968,2020-09-16
MG,3406,2020-09-17
SP,7393,2020-09-17
AM,650,2020-09-17
CE,1104,2020-09-17
PR,2469,2020-09-17
MA,729,2020-09-17
MG,3184,2020-09-18
SP,7711,2020-09-18
AM,858,2020-09-18
CE,1440,2020-09-18
PR,2123,2020-09-18
MA,1081,2020-09-18
MG,2824,2020-09-19
SP,7141,2020-09-19
AM,1214,2020-09-19
CE,650,2020-09-19
PR,1557,2020-09-19
MA,753,2020-09-19
MG,2044,2020-09-20
SP,3627,2020-09-20
AM,184,2020-09-20
CE,291,2020-09-20
PR,1409,2020-09-20
MA,324,2020-09-20
MG,1141,2020-09-21
SP,2032,2020-09-21
AM,163,2020-09-21
CE,229,2020-09-21
PR,606,2020-09-21
MA,291,2020-09-21
MG,2039,2020-09-22
SP,8090,2020-09-22
AM,767,2020-09-22
CE,1102,2020-09-22
PR,2184,2020-09-22
MA,965,2020-09-22
MG,3081,2020-09-23
SP,6551,2020-09-23
AM,726,2020-09-23
CE,1369,2020-09-23
PR,1245,2020-09-23
MA,777,2020-09-23
MG,2587,2020-09-24
SP,6267,2020-09-24
AM,876,2020-09-24
CE,556,2020-09-24
PR,1585,2020-09-24
MA,496,2020-09-24
MG,4578,2020-09-25
SP,6681,2020-09-25
AM,916,2020-09-25
CE,710,2020-09-25
PR,1424,2020-09-25
MA,737,2020-09-25
MG,2871,2020-09-26
SP,5967,2020-09-26
AM,964,2020-09-26
CE,725,2020-09-26
PR,2079,2020-09-26
MA,557,2020-09-26
MG,2269,2020-09-27
SP,1349,2020-09-27
AM,247,2020-09-27
CE,480,2020-09-27
PR,1132,2020-09-27
MA,275,2020-09-27
MG,1518,2020-09-28
SP,905,2020-09-28
AM,292,2020-09-28
CE,403,2020-09-28
PR,839,2020-09-28
MA,421,2020-09-28
MG,2154,2020-09-29
SP,6377,2020-09-29
AM,1256,2020-09-29
CE,674,2020-09-29
PR,1316,2020-09-29
MA,669,2020-09-29
MG,2878,2020-09-30
SP,6109,2020-09-30
AM,1362,2020-09-30
CE,1020,2020-09-30
PR,1600,2020-09-30
MA,719,2020-09-30
MG,3438,2020-10-01
SP,6097,2020-10-01
AM,914,2020-10-01
CE,862,2020-10-01
PR,1907,2020-10-01
MA,631,2020-10-01
MG,3475,2020-10-02
SP,5608,2020-10-02
AM,959,2020-10-02
CE,469,2020-10-02
PR,1398,2020-10-02
MA,593,2020-10-02
MG,3445,2020-10-03
SP,6096,2020-10-03
AM,938,2020-10-03
CE,330,2020-10-03
PR,1512,2020-10-03
MA,430,2020-10-03
MG,1672,2020-10-04
SP,473,2020-10-04
AM,245,2020-10-04
CE,271,2020-10-04
PR,761,2020-10-04
MA,170,2020-10-04
MG,1267,2020-10-05
SP,677,2020-10-05
AM,191,2020-10-05
CE,11497,2020-10-05
PR,330,2020-10-05
MA,365,2020-10-05
MG,1658,2020-10-06
SP,6260,2020-10-06
AM,998,2020-10-06
CE,1444,2020-10-06
PR,1353,2020-10-06
MA,530,2020-10-06
MG,2908,2020-10-07
SP,5916,2020-10-07
AM,921,2020-10-07
CE,1377,2020-10-07
PR,1570,2020-10-07
MA,712,2020-10-07
MG,2009,2020-10-08
SP,5649,2020-10-08
AM,875,2020-10-08
CE,947,2020-10-08
PR,470,2020-10-08
MA,589,2020-10-08
MG,3049,2020-10-09
SP,5786,2020-10-09
AM,866,2020-10-09
CE,386,2020-10-09
PR,1404,2020-10-09
MA,608,2020-10-09
MG,3050,2020-10-10
SP,6626,2020-10-10
AM,805,2020-10-10
CE,1025,2020-10-10
PR,1532,2020-10-10
MA,357,2020-10-10
MG,1796,2020-10-11
SP,2844,2020-10-11
AM,419,2020-10-11
CE,387,2020-10-11
PR,1008,2020-10-11
MA,216,2020-10-11
MG,1031,2020-10-12
SP,684,2020-10-12
AM,8,2020-10-12
CE,182,2020-10-12
PR,1831,2020-10-12
MA,125,2020-10-12
MG,659,2020-10-13
SP,685,2020-10-13
AM,399,2020-10-13
CE,306,2020-10-13
PR,718,2020-10-13
MA,280,2020-10-13
MG,1346,2020-10-14
SP,6031,2020-10-14
AM,654,2020-10-14
CE,862,2020-10-14
PR,913,2020-10-14
MA,484,2020-10-14
MG,2430,2020-10-15
SP,6553,2020-10-15
AM,848,2020-10-15
CE,1327,2020-10-15
PR,1011,2020-10-15
MA,500,2020-10-15
MG,3031,2020-10-16
SP,5627,2020-10-16
AM,418,2020-10-16
CE,1341,2020-10-16
PR,1325,2020-10-16
MA,406,2020-10-16
MG,2565,2020-10-17
SP,5394,2020-10-17
AM,1402,2020-10-17
CE,73,2020-10-17
PR,803,2020-10-17
MA,327,2020-10-17
MG,1685,2020-10-18
SP,968,2020-10-18
AM,411,2020-10-18
CE,857,2020-10-18
PR,780,2020-10-18
MA,164,2020-10-18
MG,965,2020-10-19
SP,437,2020-10-19
AM,261,2020-10-19
CE,773,2020-10-19
PR,1140,2020-10-19
MA,494,2020-10-19
MG,1459,2020-10-20
SP,4923,2020-10-20
AM,938,2020-10-20
CE,441,2020-10-20
PR,1213,2020-10-20
MA,475,2020-10-20
MG,2395,2020-10-21
SP,4299,2020-10-21
AM,1669,2020-10-21
CE,1405,2020-10-21
PR,1173,2020-10-21
MA,463,2020-10-21
MG,2657,2020-10-22
SP,3678,2020-10-22
AM,765,2020-10-22
CE,624,2020-10-22
PR,1276,2020-10-22
MA,461,2020-10-22
MG,2029,2020-10-23
SP,6702,2020-10-23
AM,966,2020-10-23
CE,910,2020-10-23
PR,1155,2020-10-23
MA,517,2020-10-23
MG,1818,2020-10-24
SP,5614,2020-10-24
AM,779,2020-10-24
CE,815,2020-10-24
PR,1341,2020-10-24
MA,302,2020-10-24
MG,1798,2020-10-25
SP,2725,2020-10-25
AM,349,2020-10-25
CE,308,2020-10-25
PR,727,2020-10-25
MA,175,2020-10-25
MG,708,2020-10-26
SP,863,2020-10-26
AM,344,2020-10-26
CE,489,2020-10-26
PR,702,2020-10-26
MA,184,2020-10-26
MG,1521,2020-10-27
SP,5364,2020-10-27
AM,1050,2020-10-27
CE,698,2020-10-27
PR,1290,2020-10-27
MA,546,2020-10-27
MG,2278,2020-10-28
SP,5375,2020-10-28
AM,865,2020-10-28
CE,725,2020-10-28
PR,1360,2020-10-28
MA,332,2020-10-28
MG,1915,2020-10-29
SP,5278,2020-10-29
AM,1013,2020-10-29
CE,904,2020-10-29
PR,960,2020-10-29
MA,341,2020-10-29
MG,3745,2020-10-30
SP,4928,2020-10-30
AM,838,2020-10-30
CE,549,2020-10-30
PR,869,2020-10-30
MA,373,2020-10-30
MG,0,2020-10-31
SP,2339,2020-10-31
AM,249,2020-10-31
CE,442,2020-10-31
PR,752,2020-10-31
MA,113,2020-10-31
MG,1020,2020-11-01
SP,1020,2020-11-01
AM,291,2020-11-01
CE,156,2020-11-01
PR,728,2020-11-01
MA,90,2020-11-01
MG,839,2020-11-02
SP,648,2020-11-02
AM,165,2020-11-02
CE,332,2020-11-02
PR,240,2020-11-02
MA,69,2020-11-02
MG,326,2020-11-03
SP,749,2020-11-03
AM,421,2020-11-03
CE,352,2020-11-03
PR,784,2020-11-03
MA,223,2020-11-03
MG,1184,2020-11-04
SP,4755,2020-11-04
AM,839,2020-11-04
CE,987,2020-11-04
PR,1032,2020-11-04
MA,363,2020-11-04
MG,2201,2020-11-05
SP,2637,2020-11-05
AM,671,2020-11-05
CE,1060,2020-11-05
PR,909,2020-11-05
MA,332,2020-11-05
MG,1762,2020-11-06
SP,0,2020-11-06
AM,0,2020-11-06
CE,180,2020-11-06
PR,1641,2020-11-06
MA,390,2020-11-06
MG,2306,2020-11-07
SP,0,2020-11-07
AM,1324,2020-11-07
CE,801,2020-11-07
PR,1592,2020-11-07
MA,261,2020-11-07
MG,1347,2020-11-08
SP,0,2020-11-08
AM,270,2020-11-08
CE,297,2020-11-08
PR,860,2020-11-08
MA,97,2020-11-08
MG,1035,2020-11-09
SP,0,2020-11-09
AM,305,2020-11-09
CE,636,2020-11-09
PR,1563,2020-11-09
MA,267,2020-11-09
MG,1491,2020-11-10
SP,21515,2020-11-10
AM,802,2020-11-10
CE,336,2020-11-10
PR,1039,2020-11-10
MA,394,2020-11-10
MG,2169,2020-11-11
SP,3421,2020-11-11
AM,715,2020-11-11
CE,667,2020-11-11
PR,1754,2020-11-11
MA,364,2020-11-11
MG,1886,2020-11-12
SP,5780,2020-11-12
AM,603,2020-11-12
CE,2482,2020-11-12
PR,2199,2020-11-12
MA,371,2020-11-12
MG,2737,2020-11-13
SP,6130,2020-11-13
AM,507,2020-11-13
CE,992,2020-11-13
PR,9913,2020-11-13
MA,273,2020-11-13
MG,2036,2020-11-14
SP,4640,2020-11-14
AM,569,2020-11-14
CE,745,2020-11-14
PR,578,2020-11-14
MA,180,2020-11-14
MG,1572,2020-11-15
SP,1218,2020-11-15
AM,168,2020-11-15
CE,1458,2020-11-15
PR,793,2020-11-15
MA,89,2020-11-15
MG,591,2020-11-16
SP,737,2020-11-16
AM,219,2020-11-16
CE,1008,2020-11-16
PR,1676,2020-11-16
MA,115,2020-11-16
MG,1954,2020-11-17
SP,8698,2020-11-17
AM,906,2020-11-17
CE,955,2020-11-17
PR,2332,2020-11-17
MA,231,2020-11-17
MG,2324,2020-11-18
SP,6421,2020-11-18
AM,703,2020-11-18
CE,865,2020-11-18
PR,3054,2020-11-18
MA,385,2020-11-18
MG,2586,2020-11-19
SP,6794,2020-11-19
AM,957,2020-11-19
CE,1056,2020-11-19
PR,2684,2020-11-19
MA,320,2020-11-19
MG,2773,2020-11-20
SP,9058,2020-11-20
AM,740,2020-11-20
CE,934,2020-11-20
PR,2045,2020-11-20
MA,312,2020-11-20
MG,2424,2020-11-21
SP,5087,2020-11-21
AM,488,2020-11-21
CE,828,2020-11-21
PR,3589,2020-11-21
MA,174,2020-11-21
MG,1399,2020-11-22
SP,4153,2020-11-22
AM,131,2020-11-22
CE,305,2020-11-22
PR,1211,2020-11-22
MA,77,2020-11-22
MG,1081,2020-11-23
SP,1037,2020-11-23
AM,303,2020-11-23
CE,1632,2020-11-23
PR,1740,2020-11-23
MA,162,2020-11-23
MG,1522,2020-11-24
SP,5219,2020-11-24
AM,799,2020-11-24
CE,867,2020-11-24
PR,3580,2020-11-24
MA,355,2020-11-24
MG,4006,2020-11-25
SP,8900,2020-11-25
AM,719,2020-11-25
CE,1159,2020-11-25
PR,3820,2020-11-25
MA,408,2020-11-25
MG,3338,2020-11-26
SP,4523,2020-11-26
AM,916,2020-11-26
CE,2518,2020-11-26
PR,4420,2020-11-26
MA,372,2020-11-26
MG,2851,2020-11-27
SP,4320,2020-11-27
AM,928,2020-11-27
CE,519,2020-11-27
PR,3726,2020-11-27
MA,344,2020-11-27
MG,3265,2020-11-28
SP,4507,2020-11-28
AM,658,2020-11-28
CE,1278,2020-11-28
PR,3201,2020-11-28
MA,208,2020-11-28
MG,2251,2020-11-29
SP,2379,2020-11-29
AM,191,2020-11-29
CE,544,2020-11-29
PR,1522,2020-11-29
MA,13,2020-11-29
MG,1088,2020-11-30
SP,1180,2020-11-30
AM,209,2020-11-30
CE,1117,2020-11-30
PR,2377,2020-11-30
MA,104,2020-11-30
MG,3320,2020-12-01
SP,8937,2020-12-01
AM,1065,2020-12-01
CE,355,2020-12-01
PR,5239,2020-12-01
MA,380,2020-12-01
MG,4500,2020-12-02
SP,9114,2020-12-02
AM,698,2020-12-02
CE,196,2020-12-02
PR,3223,2020-12-02
MA,333,2020-12-02
MG,4635,2020-12-03
SP,8208,2020-12-03
AM,879,2020-12-03
CE,1366,2020-12-03
PR,5423,2020-12-03
MA,437,2020-12-03
MG,4291,2020-12-04
SP,8237,2020-12-04
AM,789,2020-12-04
CE,700,2020-12-04
PR,3442,2020-12-04
MA,480,2020-12-04
MG,5223,2020-12-05
SP,8938,2020-12-05
AM,706,2020-12-05
CE,575,2020-12-05
PR,2860,2020-12-05
MA,220,2020-12-05
MG,3011,2020-12-06
SP,2675,2020-12-06
AM,331,2020-12-06
CE,197,2020-12-06
PR,1239,2020-12-06
MA,66,2020-12-06
MG,871,2020-12-07
SP,1116,2020-12-07
AM,207,2020-12-07
CE,3633,2020-12-07
PR,2710,2020-12-07
MA,135,2020-12-07
MG,2614,2020-12-08
SP,7923,2020-12-08
AM,955,2020-12-08
CE,895,2020-12-08
PR,4591,2020-12-08
MA,368,2020-12-08
MG,4080,2020-12-09
SP,9784,2020-12-09
AM,438,2020-12-09
CE,2900,2020-12-09
PR,5069,2020-12-09
MA,369,2020-12-09
MG,4484,2020-12-10
SP,9786,2020-12-10
AM,821,2020-12-10
CE,1693,2020-12-10
PR,3981,2020-12-10
MA,488,2020-12-10
MG,6173,2020-12-11
SP,8791,2020-12-11
AM,843,2020-12-11
CE,913,2020-12-11
PR,5059,2020-12-11
MA,402,2020-12-11
MG,5008,2020-12-12
SP,8601,2020-12-12
AM,342,2020-12-12
CE,0,2020-12-12
PR,4379,2020-12-12
MA,158,2020-12-12
MG,3478,2020-12-13
SP,940,2020-12-13
AM,554,2020-12-13
CE,1262,2020-12-13
PR,2483,2020-12-13
MA,50,2020-12-13
MG,980,2020-12-14
SP,2313,2020-12-14
AM,451,2020-12-14
CE,745,2020-12-14
PR,2376,2020-12-14
MA,211,2020-12-14
MG,4222,2020-12-15
SP,4412,2020-12-15
AM,651,2020-12-15
CE,3308,2020-12-15
PR,7537,2020-12-15
MA,417,2020-12-15
MG,4472,2020-12-16
SP,0,2020-12-16
AM,988,2020-12-16
CE,696,2020-12-16
PR,20197,2020-12-16
MA,463,2020-12-16
MG,5672,2020-12-17
SP,20303,2020-12-17
AM,894,2020-12-17
CE,1206,2020-12-17
PR,6389,2020-12-17
MA,353,2020-12-17
MG,5565,2020-12-18
SP,9922,2020-12-18
AM,1156,2020-12-18
CE,970,2020-12-18
PR,4494,2020-12-18
MA,343,2020-12-18
MG,5253,2020-12-19
SP,12447,2020-12-19
AM,706,2020-12-19
CE,645,2020-12-19
PR,3574,2020-12-19
MA,251,2020-12-19
MG,3485,2020-12-20
SP,0,2020-12-20
AM,302,2020-12-20
CE,435,2020-12-20
PR,1660,2020-12-20
MA,11,2020-12-20
MG,1827,2020-12-21
SP,3943,2020-12-21
AM,351,2020-12-21
CE,953,2020-12-21
PR,2282,2020-12-21
MA,93,2020-12-21
MG,4201,2020-12-22
SP,10714,2020-12-22
AM,1217,2020-12-22
CE,990,2020-12-22
PR,6102,2020-12-22
MA,337,2020-12-22
MG,6519,2020-12-23
SP,10383,2020-12-23
AM,862,2020-12-23
CE,635,2020-12-23
PR,3293,2020-12-23
MA,219,2020-12-23
MG,5969,2020-12-24
SP,9351,2020-12-24
AM,999,2020-12-24
CE,621,2020-12-24
PR,9793,2020-12-24
MA,152,2020-12-24
MG,4030,2020-12-25
SP,3596,2020-12-25
AM,401,2020-12-25
CE,692,2020-12-25
PR,1586,2020-12-25
MA,80,2020-12-25
MG,2113,2020-12-26
SP,1253,2020-12-26
AM,201,2020-12-26
CE,33,2020-12-26
PR,1223,2020-12-26
MA,57,2020-12-26
MG,1217,2020-12-27
SP,2836,2020-12-27
AM,429,2020-12-27
CE,117,2020-12-27
PR,1572,2020-12-27
MA,84,2020-12-27
MG,1110,2020-12-28
SP,1576,2020-12-28
AM,318,2020-12-28
CE,1914,2020-12-28
PR,2835,2020-12-28
MA,93,2020-12-28
MG,4995,2020-12-29
SP,12477,2020-12-29
AM,1447,2020-12-29
CE,1090,2020-12-29
PR,4036,2020-12-29
MA,344,2020-12-29
MG,6391,2020-12-30
SP,11849,2020-12-30
AM,1369,2020-12-30
CE,1921,2020-12-30
PR,3896,2020-12-30
MA,185,2020-12-30
MG,6865,2020-12-31
SP,10219,2020-12-31
AM,1443,2020-12-31
CE,3085,2020-12-31
PR,3939,2020-12-31
MA,189,2020-12-31
MG,3975,2021-01-01
SP,3894,2021-01-01
AM,561,2021-01-01
CE,512,2021-01-01
PR,1757,2021-01-01
MA,21,2021-01-01
MG,2418,2021-01-02
SP,1762,2021-01-02
AM,293,2021-01-02
CE,70,2021-01-02
PR,1292,2021-01-02
MA,17,2021-01-02
MG,1370,2021-01-03
SP,3469,2021-01-03
AM,546,2021-01-03
CE,189,2021-01-03
PR,1700,2021-01-03
MA,41,2021-01-03
MG,1432,2021-01-04
SP,2248,2021-01-04
AM,559,2021-01-04
CE,212,2021-01-04
PR,1726,2021-01-04
MA,76,2021-01-04
MG,4588,2021-01-05
SP,12881,2021-01-05
AM,1928,2021-01-05
CE,2068,2021-01-05
PR,4748,2021-01-05
MA,162,2021-01-05
MG,9515,2021-01-06
SP,14534,2021-01-06
AM,2192,2021-01-06
CE,1269,2021-01-06
PR,3084,2021-01-06
MA,199,2021-01-06
MG,5450,2021-01-07
SP,14073,2021-01-07
AM,1706,2021-01-07
CE,1889,2021-01-07
PR,32436,2021-01-07
MA,187,2021-01-07
MG,7812,2021-01-08
SP,13794,2021-01-08
AM,2342,2021-01-08
CE,1686,2021-01-08
PR,5064,2021-01-08
MA,104,2021-01-08
MG,8399,2021-01-09
SP,11561,2021-01-09
AM,1856,2021-01-09
CE,790,2021-01-09
PR,3266,2021-01-09
MA,170,2021-01-09
MG,4443,2021-01-10
SP,5619,2021-01-10
AM,965,2021-01-10
CE,325,2021-01-10
PR,1640,2021-01-10
MA,30,2021-01-10
MG,2696,2021-01-11
SP,3010,2021-01-11
AM,2151,2021-01-11
CE,233,2021-01-11
PR,1670,2021-01-11
MA,105,2021-01-11
MG,7826,2021-01-12
SP,12702,2021-01-12
AM,1958,2021-01-12
CE,2283,2021-01-12
PR,11400,2021-01-12
MA,264,2021-01-12
MG,8319,2021-01-13
SP,15275,2021-01-13
AM,1474,2021-01-13
CE,1394,2021-01-13
PR,494,2021-01-13
MA,260,2021-01-13
MG,8694,2021-01-14
SP,13710,2021-01-14
AM,3816,2021-01-14
CE,1659,2021-01-14
PR,5811,2021-01-14
MA,265,2021-01-14
MG,9120,2021-01-15
SP,15016,2021-01-15
AM,3151,2021-01-15
CE,1160,2021-01-15
PR,4851,2021-01-15
MA,317,2021-01-15
MG,7831,2021-01-16
SP,13774,2021-01-16
AM,2856,2021-01-16
CE,2248,2021-01-16
PR,3531,2021-01-16
MA,178,2021-01-16
MG,6812,2021-01-17
SP,5720,2021-01-17
AM,1277,2021-01-17
CE,0,2021-01-17
PR,1563,2021-01-17
MA,89,2021-01-17
MG,2482,2021-01-18
SP,2933,2021-01-18
AM,1790,2021-01-18
CE,2138,2021-01-18
PR,1113,2021-01-18
MA,158,2021-01-18
MG,5865,2021-01-19
SP,15953,2021-01-19
AM,1537,2021-01-19
CE,868,2021-01-19
PR,4858,2021-01-19
MA,383,2021-01-19
MG,7429,2021-01-20
SP,14411,2021-01-20
AM,5009,2021-01-20
CE,1419,2021-01-20
PR,3767,2021-01-20
MA,336,2021-01-20
MG,8831,2021-01-21
SP,12118,2021-01-21
AM,2202,2021-01-21
CE,1274,2021-01-21
PR,3127,2021-01-21
MA,467,2021-01-21
MG,9593,2021-01-22
SP,9005,2021-01-22
AM,3975,2021-01-22
CE,1295,2021-01-22
PR,3578,2021-01-22
MA,298,2021-01-22
MG,8873,2021-01-23
SP,14596,2021-01-23
AM,3404,2021-01-23
CE,1378,2021-01-23
PR,3127,2021-01-23
MA,331,2021-01-23
MG,4171,2021-01-24
SP,5072,2021-01-24
AM,1152,2021-01-24
CE,1616,2021-01-24
PR,1821,2021-01-24
MA,85,2021-01-24
MG,2697,2021-01-25
SP,2867,2021-01-25
AM,1222,2021-01-25
CE,1673,2021-01-25
PR,1870,2021-01-25
MA,140,2021-01-25
MG,5707,2021-01-26
SP,12959,2021-01-26
AM,3525,2021-01-26
CE,1149,2021-01-26
PR,6829,2021-01-26
MA,299,2021-01-26
MG,8392,2021-01-27
SP,16041,2021-01-27
AM,3146,2021-01-27
CE,933,2021-01-27
PR,3272,2021-01-27
MA,370,2021-01-27
MG,8318,2021-01-28
SP,14776,2021-01-28
AM,1852,2021-01-28
CE,1523,2021-01-28
PR,4491,2021-01-28
MA,390,2021-01-28
MG,6000,2021-01-29
SP,13887,2021-01-29
AM,2116,2021-01-29
CE,1055,2021-01-29
PR,3116,2021-01-29
MA,465,2021-01-29
MG,8001,2021-01-30
SP,13067,2021-01-30
AM,4420,2021-01-30
CE,0,2021-01-30
PR,3862,2021-01-30
MA,270,2021-01-30
MG,4518,2021-01-31
SP,4344,2021-01-31
AM,1400,2021-01-31
CE,3311,2021-01-31
PR,1903,2021-01-31
MA,73,2021-01-31
MG,1779,2021-02-01
SP,2354,2021-02-01
AM,1323,2021-02-01
CE,1413,2021-02-01
PR,2652,2021-02-01
MA,161,2021-02-01
MG,4707,2021-02-02
SP,14297,2021-02-02
AM,2460,2021-02-02
CE,1604,2021-02-02
PR,4319,2021-02-02
MA,549,2021-02-02
MG,5947,2021-02-03
SP,12990,2021-02-03
AM,2685,2021-02-03
CE,1563,2021-02-03
PR,2466,2021-02-03
MA,526,2021-02-03
MG,10052,2021-02-04
SP,13932,2021-02-04
AM,2689,2021-02-04
CE,1362,2021-02-04
PR,3287,2021-02-04
MA,361,2021-02-04
MG,5441,2021-02-05
SP,12222,2021-02-05
AM,2238,2021-02-05
CE,1440,2021-02-05
PR,2846,2021-02-05
MA,246,2021-02-05
MG,4649,2021-02-06
SP,11923,2021-02-06
AM,2965,2021-02-06
CE,1604,2021-02-06
PR,3447,2021-02-06
MA,273,2021-02-06
MG,7050,2021-02-07
SP,4248,2021-02-07
AM,985,2021-02-07
CE,0,2021-02-07
PR,1561,2021-02-07
MA,174,2021-02-07
MG,2104,2021-02-08
SP,2442,2021-02-08
AM,919,2021-02-08
CE,2222,2021-02-08
PR,1444,2021-02-08
MA,239,2021-02-08
MG,3972,2021-02-09
SP,13201,2021-02-09
AM,1442,2021-02-09
CE,2265,2021-02-09
PR,3929,2021-02-09
MA,522,2021-02-09
MG,6466,2021-02-10
SP,13825,2021-02-10
AM,2744,2021-02-10
CE,965,2021-02-10
PR,2450,2021-02-10
MA,514,2021-02-10
MG,6504,2021-02-11
SP,11167,2021-02-11
AM,2205,2021-02-11
CE,2808,2021-02-11
PR,3461,2021-02-11
MA,591,2021-02-11
MG,5554,2021-02-12
SP,11605,2021-02-12
AM,2445,2021-02-12
CE,0,2021-02-12
PR,2591,2021-02-12
MA,559,2021-02-12
MG,5352,2021-02-13
SP,9837,2021-02-13
AM,1828,2021-02-13
CE,2793,2021-02-13
PR,3158,2021-02-13
MA,517,2021-02-13
MG,3184,2021-02-14
SP,2187,2021-02-14
AM,632,2021-02-14
CE,1256,2021-02-14
PR,1144,2021-02-14
MA,154,2021-02-14
MG,1446,2021-02-15
SP,2316,2021-02-15
AM,925,2021-02-15
CE,1589,2021-02-15
PR,1406,2021-02-15
MA,213,2021-02-15
MG,3049,2021-02-16
SP,11496,2021-02-16
AM,1808,2021-02-16
CE,12060,2021-02-16
PR,8000,2021-02-16
MA,391,2021-02-16
MG,5159,2021-02-17
SP,11302,2021-02-17
AM,1808,2021-02-17
CE,0,2021-02-17
PR,4060,2021-02-17
MA,580,2021-02-17
MG,5547,2021-02-18
SP,10747,2021-02-18
AM,2141,2021-02-18
CE,0,2021-02-18
PR,3040,2021-02-18
MA,420,2021-02-18
MG,4989,2021-02-19
SP,11105,2021-02-19
AM,1950,2021-02-19
CE,-1582,2021-02-19
PR,3632,2021-02-19
MA,745,2021-02-19
MG,9604,2021-02-20
SP,10859,2021-02-20
AM,1664,2021-02-20
CE,1719,2021-02-20
PR,3858,2021-02-20
MA,634,2021-02-20
MG,3274,2021-02-21
SP,4504,2021-02-21
AM,753,2021-02-21
CE,2215,2021-02-21
PR,2982,2021-02-21
MA,85,2021-02-21
MG,2062,2021-02-22
SP,2550,2021-02-22
AM,1161,2021-02-22
CE,997,2021-02-22
PR,2099,2021-02-22
MA,268,2021-02-22
MG,5386,2021-02-23
SP,12077,2021-02-23
AM,2147,2021-02-23
CE,2588,2021-02-23
PR,6275,2021-02-23
MA,437,2021-02-23
MG,5696,2021-02-24
SP,12086,2021-02-24
AM,1608,2021-02-24
CE,2298,2021-02-24
PR,4467,2021-02-24
MA,655,2021-02-24
MG,9043,2021-02-25
SP,11889,2021-02-25
AM,1420,2021-02-25
CE,3579,2021-02-25
PR,5646,2021-02-25
MA,854,2021-02-25
MG,6728,2021-02-26
SP,11596,2021-02-26
AM,1572,2021-02-26
CE,2413,2021-02-26
PR,4543,2021-02-26
MA,279,2021-02-26
MG,5654,2021-02-27
SP,11142,2021-02-27
AM,1688,2021-02-27
CE,1817,2021-02-27
PR,5248,2021-02-27
MA,798,2021-02-27
MG,3821,2021-02-28
SP,4361,2021-02-28
AM,489,2021-02-28
CE,1912,2021-02-28
PR,3688,2021-02-28
MA,74,2021-02-28
MG,4400,2021-03-01
SP,3071,2021-03-01
AM,580,2021-03-01
CE,1803,2021-03-01
PR,3204,2021-03-01
MA,325,2021-03-01
MG,3975,2021-03-02
SP,10168,2021-03-02
AM,1576,2021-03-02
CE,1870,2021-03-02
PR,6174,2021-03-02
MA,821,2021-03-02
MG,6565,2021-03-03
SP,13749,2021-03-03
AM,704,2021-03-03
CE,3970,2021-03-03
PR,4699,2021-03-03
MA,579,2021-03-03
MG,7890,2021-03-04
SP,12236,2021-03-04
AM,924,2021-03-04
CE,3769,2021-03-04
PR,5400,2021-03-04
MA,852,2021-03-04
MG,7334,2021-03-05
SP,13072,2021-03-05
AM,2355,2021-03-05
CE,3561,2021-03-05
PR,5670,2021-03-05
MA,597,2021-03-05
MG,7336,2021-03-06
SP,13763,2021-03-06
AM,1383,2021-03-06
CE,2737,2021-03-06
PR,8598,2021-03-06
MA,720,2021-03-06
MG,6368,2021-03-07
SP,6051,2021-03-07
AM,493,2021-03-07
CE,2392,2021-03-07
PR,45020,2021-03-07
MA,288,2021-03-07
MG,1999,2021-03-08
SP,4224,2021-03-08
AM,461,2021-03-08
CE,1929,2021-03-08
PR,2026,2021-03-08
MA,333,2021-03-08
MG,3830,2021-03-09
SP,16058,2021-03-09
AM,1610,2021-03-09
CE,2737,2021-03-09
PR,5400,2021-03-09
MA,547,2021-03-09
MG,10409,2021-03-10
SP,15541,2021-03-10
AM,1349,2021-03-10
CE,3046,2021-03-10
PR,8345,2021-03-10
MA,965,2021-03-10
MG,7745,2021-03-11
SP,14505,2021-03-11
AM,1240,2021-03-11
CE,5457,2021-03-11
PR,4330,2021-03-11
MA,838,2021-03-11
MG,9912,2021-03-12
SP,15720,2021-03-12
AM,1247,2021-03-12
CE,5749,2021-03-12
PR,5664,2021-03-12
MA,984,2021-03-12
MG,7421,2021-03-13
SP,15344,2021-03-13
AM,1162,2021-03-13
CE,4192,2021-03-13
PR,6229,2021-03-13
MA,848,2021-03-13
MG,7490,2021-03-14
SP,7853,2021-03-14
AM,596,2021-03-14
CE,1970,2021-03-14
PR,3852,2021-03-14
MA,407,2021-03-14
MG,3215,2021-03-15
SP,5259,2021-03-15
AM,541,2021-03-15
CE,3285,2021-03-15
PR,2143,2021-03-15
MA,416,2021-03-15
MG,6093,2021-03-16
SP,17684,2021-03-16
AM,1299,2021-03-16
CE,6093,2021-03-16
PR,5823,2021-03-16
MA,669,2021-03-16
MG,11045,2021-03-17
SP,17942,2021-03-17
AM,824,2021-03-17
CE,3850,2021-03-17
PR,5461,2021-03-17
MA,1579,2021-03-17
MG,11372,2021-03-18
SP,17492,2021-03-18
AM,962,2021-03-18
CE,4303,2021-03-18
PR,6469,2021-03-18
MA,799,2021-03-18
MG,10975,2021-03-19
SP,18673,2021-03-19
AM,1957,2021-03-19
CE,4825,2021-03-19
PR,8146,2021-03-19
MA,834,2021-03-19
MG,9890,2021-03-20
SP,18028,2021-03-20
AM,1025,2021-03-20
CE,2981,2021-03-20
PR,4758,2021-03-20
MA,1056,2021-03-20
MG,9593,2021-03-21
SP,8265,2021-03-21
AM,674,2021-03-21
CE,1370,2021-03-21
PR,2146,2021-03-21
MA,379,2021-03-21
MG,2739,2021-03-22
SP,4775,2021-03-22
AM,460,2021-03-22
CE,12619,2021-03-22
PR,3224,2021-03-22
MA,492,2021-03-22
MG,3897,2021-03-23
SP,20942,2021-03-23
AM,1275,2021-03-23
CE,151,2021-03-23
PR,7344,2021-03-23
MA,1011,2021-03-23
MG,13796,2021-03-24
SP,20395,2021-03-24
AM,1183,2021-03-24
CE,3578,2021-03-24
PR,5562,2021-03-24
MA,1186,2021-03-24
MG,13925,2021-03-25
SP,18447,2021-03-25
AM,1165,2021-03-25
CE,1808,2021-03-25
PR,11331,2021-03-25
MA,1210,2021-03-25
MG,14062,2021-03-26
SP,21489,2021-03-26
AM,1091,2021-03-26
CE,0,2021-03-26
PR,4699,2021-03-26
MA,1035,2021-03-26
MG,11558,2021-03-27
SP,18124,2021-03-27
AM,1112,2021-03-27
CE,6249,2021-03-27
PR,5037,2021-03-27
MA,639,2021-03-27
MG,7036,2021-03-28
SP,9602,2021-03-28
AM,474,2021-03-28
CE,4380,2021-03-28
PR,3150,2021-03-28
MA,237,2021-03-28
MG,3112,2021-03-29
SP,5220,2021-03-29
AM,510,2021-03-29
CE,4046,2021-03-29
PR,2828,2021-03-29
MA,193,2021-03-29
MG,8206,2021-03-30
SP,21360,2021-03-30
AM,1490,2021-03-30
CE,3752,2021-03-30
PR,3282,2021-03-30
MA,1431,2021-03-30
MG,12020,2021-03-31
SP,23169,2021-03-31
AM,1313,2021-03-31
CE,4586,2021-03-31
PR,3059,2021-03-31
MA,824,2021-03-31
MG,11943,2021-04-01
SP,26567,2021-04-01
AM,1165,2021-04-01
CE,4185,2021-04-01
PR,5234,2021-04-01
MA,1319,2021-04-01
MG,11722,2021-04-02
SP,16762,2021-04-02
AM,830,2021-04-02
CE,3660,2021-04-02
PR,4569,2021-04-02
MA,620,2021-04-02
MG,5948,2021-04-03
SP,7026,2021-04-03
AM,746,2021-04-03
CE,1853,2021-04-03
PR,2043,2021-04-03
MA,223,2021-04-03
MG,2909,2021-04-04
SP,7196,2021-04-04
AM,448,2021-04-04
CE,2742,2021-04-04
PR,1037,2021-04-04
MA,191,2021-04-04
MG,2604,2021-04-05
SP,4647,2021-04-05
AM,664,2021-04-05
CE,7422,2021-04-05
PR,1436,2021-04-05
MA,241,2021-04-05
MG,10450,2021-04-06
SP,22794,2021-04-06
AM,953,2021-04-06
CE,5093,2021-04-06
PR,4253,2021-04-06
MA,770,2021-04-06
MG,13358,2021-04-07
SP,21521,2021-04-07
AM,1098,2021-04-07
CE,0,2021-04-07
PR,4490,2021-04-07
MA,900,2021-04-07
MG,9203,2021-04-08
SP,21004,2021-04-08
AM,960,2021-04-08
CE,11306,2021-04-08
PR,4805,2021-04-08
MA,442,2021-04-08
MG,16479,2021-04-09
SP,20701,2021-04-09
AM,1172,2021-04-09
CE,5086,2021-04-09
PR,3911,2021-04-09
MA,640,2021-04-09
MG,12109,2021-04-10
SP,17311,2021-04-10
AM,737,2021-04-10
CE,3703,2021-04-10
PR,3610,2021-04-10
MA,732,2021-04-10
MG,5180,2021-04-11
SP,8156,2021-04-11
AM,535,2021-04-11
CE,3980,2021-04-11
PR,1872,2021-04-11
MA,954,2021-04-11
MG,2841,2021-04-12
SP,5310,2021-04-12
AM,489,2021-04-12
CE,2752,2021-04-12
PR,700,2021-04-12
MA,1435,2021-04-12
MG,7313,2021-04-13
SP,18397,2021-04-13
AM,995,2021-04-13
CE,6167,2021-04-13
PR,6617,2021-04-13
MA,808,2021-04-13
MG,11286,2021-04-14
SP,18790,2021-04-14
AM,820,2021-04-14
CE,0,2021-04-14
PR,2358,2021-04-14
MA,782,2021-04-14
MG,9806,2021-04-15
SP,18067,2021-04-15
AM,893,2021-04-15
CE,0,2021-04-15
PR,3891,2021-04-15
MA,390,2021-04-15
MG,9207,2021-04-16
SP,17979,2021-04-16
AM,773,2021-04-16
CE,12331,2021-04-16
PR,5695,2021-04-16
MA,1341,2021-04-16
MG,8963,2021-04-17
SP,17746,2021-04-17
AM,701,2021-04-17
CE,10423,2021-04-17
PR,3125,2021-04-17
MA,1092,2021-04-17
MG,4315,2021-04-18
SP,6394,2021-04-18
AM,484,2021-04-18
CE,2775,2021-04-18
PR,1239,2021-04-18
MA,717,2021-04-18
MG,1872,2021-04-19
SP,4083,2021-04-19
AM,442,2021-04-19
CE,734,2021-04-19
PR,2701,2021-04-19
MA,1371,2021-04-19
MG,4850,2021-04-20
SP,19060,2021-04-20
AM,734,2021-04-20
CE,3911,2021-04-20
PR,3803,2021-04-20
MA,1282,2021-04-20
MG,11905,2021-04-21
SP,17123,2021-04-21
AM,671,2021-04-21
CE,6917,2021-04-21
PR,3947,2021-04-21
MA,918,2021-04-21
MG,4452,2021-04-22
SP,7267,2021-04-22
AM,536,2021-04-22
CE,5979,2021-04-22
PR,2584,2021-04-22
MA,736,2021-04-22
MG,5309,2021-04-23
SP,17812,2021-04-23
AM,829,2021-04-23
CE,4852,2021-04-23
PR,3555,2021-04-23
MA,1045,2021-04-23
MG,11360,2021-04-24
SP,16271,2021-04-24
AM,544,2021-04-24
CE,4044,2021-04-24
PR,3983,2021-04-24
MA,299,2021-04-24
MG,3856,2021-04-25
SP,6488,2021-04-25
AM,371,2021-04-25
CE,2664,2021-04-25
PR,1534,2021-04-25
MA,211,2021-04-25
MG,1869,2021-04-26
SP,3912,2021-04-26
AM,426,2021-04-26
CE,2985,2021-04-26
PR,2246,2021-04-26
MA,386,2021-04-26
MG,4996,2021-04-27
SP,17992,2021-04-27
AM,715,2021-04-27
CE,6711,2021-04-27
PR,3320,2021-04-27
MA,1127,2021-04-27
MG,12874,2021-04-28
SP,17013,2021-04-28
AM,634,2021-04-28
CE,2605,2021-04-28
PR,3883,2021-04-28
MA,1252,2021-04-28
MG,8847,2021-04-29
SP,14920,2021-04-29
AM,696,2021-04-29
CE,3079,2021-04-29
PR,4474,2021-04-29
MA,1240,2021-04-29
MG,7398,2021-04-30
SP,15551,2021-04-30
AM,592,2021-04-30
CE,7189,2021-04-30
PR,4674,2021-04-30
MA,1045,2021-04-30
MG,7465,2021-05-01
SP,14335,2021-05-01
AM,530,2021-05-01
CE,2686,2021-05-01
PR,4188,2021-05-01
MA,638,2021-05-01
MG,3600,2021-05-02
SP,5323,2021-05-02
AM,412,2021-05-02
CE,868,2021-05-02
PR,2002,2021-05-02
MA,87,2021-05-02
MG,1616,2021-05-03
SP,3149,2021-05-03
AM,410,2021-05-03
CE,9755,2021-05-03
PR,1363,2021-05-03
MA,381,2021-05-03
MG,6727,2021-05-04
SP,15464,2021-05-04
AM,675,2021-05-04
CE,5274,2021-05-04
PR,5514,2021-05-04
MA,981,2021-05-04
MG,9264,2021-05-05
SP,14230,2021-05-05
AM,599,2021-05-05
CE,4260,2021-05-05
PR,5188,2021-05-05
MA,1142,2021-05-05
MG,8725,2021-05-06
SP,13470,2021-05-06
AM,545,2021-05-06
CE,3998,2021-05-06
PR,5008,2021-05-06
MA,1127,2021-05-06
MG,7685,2021-05-07
SP,14502,2021-05-07
AM,630,2021-05-07
CE,4982,2021-05-07
PR,6062,2021-05-07
MA,1257,2021-05-07
MG,6895,2021-05-08
SP,13100,2021-05-08
AM,495,2021-05-08
CE,5985,2021-05-08
PR,5515,2021-05-08
MA,694,2021-05-08
MG,4500,2021-05-09
SP,5785,2021-05-09
AM,211,2021-05-09
CE,4337,2021-05-09
PR,2079,2021-05-09
MA,86,2021-05-09
MG,1231,2021-05-10
SP,3183,2021-05-10
AM,320,2021-05-10
CE,3063,2021-05-10
PR,4804,2021-05-10
MA,355,2021-05-10
MG,6872,2021-05-11
SP,16318,2021-05-11
AM,695,2021-05-11
CE,2495,2021-05-11
PR,3183,2021-05-11
MA,1141,2021-05-11
MG,9764,2021-05-12
SP,15672,2021-05-12
AM,595,2021-05-12
CE,4625,2021-05-12
PR,5045,2021-05-12
MA,1263,2021-05-12
MG,8951,2021-05-13
SP,15649,2021-05-13
AM,666,2021-05-13
CE,3476,2021-05-13
PR,5032,2021-05-13
MA,1104,2021-05-13
MG,9404,2021-05-14
SP,15915,2021-05-14
AM,579,2021-05-14
CE,4245,2021-05-14
PR,9338,2021-05-14
MA,971,2021-05-14
MG,7566,2021-05-15
SP,15486,2021-05-15
AM,507,2021-05-15
CE,6703,2021-05-15
PR,6181,2021-05-15
MA,458,2021-05-15
MG,4141,2021-05-16
SP,7554,2021-05-16
AM,210,2021-05-16
CE,2826,2021-05-16
PR,5083,2021-05-16
MA,131,2021-05-16
MG,2125,2021-05-17
SP,4001,2021-05-17
AM,312,2021-05-17
CE,2302,2021-05-17
PR,2366,2021-05-17
MA,359,2021-05-17
MG,7133,2021-05-18
SP,15779,2021-05-18
AM,663,2021-05-18
CE,3358,2021-05-18
PR,6527,2021-05-18
MA,979,2021-05-18
MG,10399,2021-05-19
SP,16788,2021-05-19
AM,586,2021-05-19
CE,2799,2021-05-19
PR,7029,2021-05-19
MA,1186,2021-05-19
MG,9330,2021-05-20
SP,17936,2021-05-20
AM,620,2021-05-20
CE,6054,2021-05-20
PR,7716,2021-05-20
MA,1055,2021-05-20
MG,9140,2021-05-21
SP,16511,2021-05-21
AM,599,2021-05-21
CE,3545,2021-05-21
PR,7210,2021-05-21
MA,1109,2021-05-21
MG,10086,2021-05-22
SP,16736,2021-05-22
AM,515,2021-05-22
CE,5741,2021-05-22
PR,5376,2021-05-22
MA,728,2021-05-22
MG,4526,2021-05-23
SP,7510,2021-05-23
AM,337,2021-05-23
CE,4914,2021-05-23
PR,1180,2021-05-23
MA,159,2021-05-23
MG,2443,2021-05-24
SP,4622,2021-05-24
AM,358,2021-05-24
CE,2759,2021-05-24
PR,1718,2021-05-24
MA,374,2021-05-24
MG,6347,2021-05-25
SP,17477,2021-05-25
AM,535,2021-05-25
CE,2677,2021-05-25
PR,5316,2021-05-25
MA,1163,2021-05-25
MG,11040,2021-05-26
SP,16671,2021-05-26
AM,600,2021-05-26
CE,4661,2021-05-26
PR,5857,2021-05-26
MA,1107,2021-05-26
MG,9590,2021-05-27
SP,12782,2021-05-27
AM,654,2021-05-27
CE,4168,2021-05-27
PR,5681,2021-05-27
MA,1029,2021-05-27
MG,9582,2021-05-28
SP,1583,2021-05-28
AM,721,2021-05-28
CE,3186,2021-05-28
PR,5125,2021-05-28
MA,1045,2021-05-28
MG,8916,2021-05-29
SP,13653,2021-05-29
AM,473,2021-05-29
CE,7494,2021-05-29
PR,5397,2021-05-29
MA,651,2021-05-29
MG,5574,2021-05-30
SP,11037,2021-05-30
AM,246,2021-05-30
CE,2493,2021-05-30
PR,2403,2021-05-30
MA,214,2021-05-30
MG,2230,2021-05-31
SP,6113,2021-05-31
AM,344,2021-05-31
CE,1289,2021-05-31
PR,1310,2021-05-31
MA,415,2021-05-31
MG,7283,2021-06-01
SP,19466,2021-06-01
AM,620,2021-06-01
CE,3399,2021-06-01
PR,5235,2021-06-01
MA,1074,2021-06-01
MG,15133,2021-06-02
SP,23122,2021-06-02
AM,671,2021-06-02
CE,4474,2021-06-02
PR,4299,2021-06-02
MA,1241,2021-06-02
MG,10605,2021-06-03
SP,19733,2021-06-03
AM,585,2021-06-03
CE,6132,2021-06-03
PR,5102,2021-06-03
MA,904,2021-06-03
MG,5958,2021-06-04
SP,3898,2021-06-04
AM,456,2021-06-04
CE,3274,2021-06-04
PR,3471,2021-06-04
MA,543,2021-06-04
MG,5893,2021-06-05
SP,16939,2021-06-05
AM,450,2021-06-05
CE,2828,2021-06-05
PR,4041,2021-06-05
MA,571,2021-06-05
MG,5019,2021-06-06
SP,9959,2021-06-06
AM,350,2021-06-06
CE,3436,2021-06-06
PR,2685,2021-06-06
MA,180,2021-06-06
MG,2049,2021-06-07
SP,5074,2021-06-07
AM,286,2021-06-07
CE,1684,2021-06-07
PR,3297,2021-06-07
MA,406,2021-06-07
MG,9444,2021-06-08
SP,8022,2021-06-08
AM,550,2021-06-08
CE,1876,2021-06-08
PR,5587,2021-06-08
MA,1130,2021-06-08
MG,12716,2021-06-09
SP,4192,2021-06-09
AM,677,2021-06-09
CE,0,2021-06-09
PR,5118,2021-06-09
MA,1330,2021-06-09
MG,11043,2021-06-10
SP,23033,2021-06-10
AM,795,2021-06-10
CE,6406,2021-06-10
PR,4700,2021-06-10
MA,1461,2021-06-10
MG,10758,2021-06-11
SP,22875,2021-06-11
AM,716,2021-06-11
CE,1979,2021-06-11
PR,5745,2021-06-11
MA,1072,2021-06-11
MG,10653,2021-06-12
SP,21221,2021-06-12
AM,604,2021-06-12
CE,4057,2021-06-12
PR,4578,2021-06-12
MA,806,2021-06-12
MG,4542,2021-06-13
SP,9272,2021-06-13
AM,314,2021-06-13
CE,4131,2021-06-13
PR,2331,2021-06-13
MA,221,2021-06-13
MG,1862,2021-06-14
SP,5309,2021-06-14
AM,383,2021-06-14
CE,2837,2021-06-14
PR,2689,2021-06-14
MA,309,2021-06-14
MG,9719,2021-06-15
SP,23227,2021-06-15
AM,726,2021-06-15
CE,4340,2021-06-15
PR,3979,2021-06-15
MA,1356,2021-06-15
MG,10452,2021-06-16
SP,22582,2021-06-16
AM,503,2021-06-16
CE,3679,2021-06-16
PR,6619,2021-06-16
MA,1461,2021-06-16
MG,8924,2021-06-17
SP,15054,2021-06-17
AM,620,2021-06-17
CE,2235,2021-06-17
PR,7666,2021-06-17
MA,1242,2021-06-17
MG,10449,2021-06-18
SP,27706,2021-06-18
AM,684,2021-06-18
CE,3186,2021-06-18
PR,10807,2021-06-18
MA,1346,2021-06-18
MG,8675,2021-06-19
SP,20483,2021-06-19
AM,499,2021-06-19
CE,2841,2021-06-19
PR,11497,2021-06-19
MA,862,2021-06-19
MG,5161,2021-06-20
SP,9582,2021-06-20
AM,225,2021-06-20
CE,2013,2021-06-20
PR,10462,2021-06-20
MA,119,2021-06-20
MG,1587,2021-06-21
SP,4854,2021-06-21
AM,393,2021-06-21
CE,989,2021-06-21
PR,13666,2021-06-21
MA,587,2021-06-21
MG,7379,2021-06-22
SP,23097,2021-06-22
AM,720,2021-06-22
CE,3025,2021-06-22
PR,13666,2021-06-22
MA,1196,2021-06-22
MG,10341,2021-06-23
SP,19508,2021-06-23
AM,511,2021-06-23
CE,1424,2021-06-23
PR,9669,2021-06-23
MA,1491,2021-06-23
MG,8435,2021-06-24
SP,17951,2021-06-24
AM,645,2021-06-24
CE,651,2021-06-24
PR,9999,2021-06-24
MA,1142,2021-06-24
MG,8043,2021-06-25
SP,20994,2021-06-25
AM,661,2021-06-25
CE,3424,2021-06-25
PR,8231,2021-06-25
MA,1453,2021-06-25
MG,8523,2021-06-26
SP,18932,2021-06-26
AM,471,2021-06-26
CE,2610,2021-06-26
PR,5692,2021-06-26
MA,1064,2021-06-26
MG,4004,2021-06-27
SP,7965,2021-06-27
AM,248,2021-06-27
CE,1753,2021-06-27
PR,4696,2021-06-27
MA,238,2021-06-27
MG,2071,2021-06-28
SP,4285,2021-06-28
AM,414,2021-06-28
CE,775,2021-06-28
PR,5000,2021-06-28
MA,437,2021-06-28
MG,6337,2021-06-29
SP,19208,2021-06-29
AM,552,2021-06-29
CE,4296,2021-06-29
PR,5000,2021-06-29
MA,1066,2021-06-29
MG,8686,2021-06-30
SP,7762,2021-06-30
AM,342,2021-06-30
CE,1268,2021-06-30
PR,5789,2021-06-30
MA,839,2021-06-30
MG,7106,2021-07-01
SP,15943,2021-07-01
AM,665,2021-07-01
CE,1017,2021-07-01
PR,7985,2021-07-01
MA,948,2021-07-01
MG,7579,2021-07-02
SP,19467,2021-07-02
AM,575,2021-07-02
CE,2173,2021-07-02
PR,3415,2021-07-02
MA,1212,2021-07-02
MG,5386,2021-07-03
SP,16650,2021-07-03
AM,495,2021-07-03
CE,2020,2021-07-03
PR,4279,2021-07-03
MA,571,2021-07-03
MG,3289,2021-07-04
SP,6451,2021-07-04
AM,221,2021-07-04
CE,731,2021-07-04
PR,2223,2021-07-04
MA,210,2021-07-04
MG,1796,2021-07-05
SP,4231,2021-07-05
AM,302,2021-07-05
CE,572,2021-07-05
PR,2374,2021-07-05
MA,445,2021-07-05
MG,7294,2021-07-06
SP,19132,2021-07-06
AM,719,2021-07-06
CE,1408,2021-07-06
PR,3561,2021-07-06
MA,1220,2021-07-06
